leaf,Amount_Borrowed,Predict_Return,Actual_Return,Predict_Sd,Year,Node_ID
5,695475,0.0642732606,0.0726415612,0.0033917488,2010,20105
6,605674,0.1052827525,0.2008597566,0.0082568486,2010,20106
12,220749,0.0342566333,0.123617855,0.0514709268,2010,201012
13,164606,-0.0061234019,0.0042972272,0.0751686632,2010,201013
14,479634,0.0652440214,0.0874134323,0.0039678436,2010,201014
15,226092,-0.0157651624,0.0808936358,0.0860276825,2010,201015
22,279000,0.0268544575,0.0690055772,0.0449910243,2010,201022
26,319434,0.0585482083,0.0964005476,0.0388391673,2010,201026
27,240328,0.0855986126,0.1378379386,0.0040766734,2010,201027
29,256097,0.0640226906,0.0755068809,0.0029511577,2010,201029
30,429910,0.0323625219,0.0497441076,0.0605630856,2010,201030
31,314926,0.081741345,0.1134422664,0.0193584988,2010,201031
33,448430,0.0703427477,0.1025829624,0.0309306824,2010,201033
34,488765,0.0924387077,0.0704250634,0.0186823414,2010,201034
36,351200,0.0590540948,0.0839868008,0.0485704661,2010,201036
37,367335,0.0216621108,0.1245801176,0.078297525,2010,201037
39,467986,0.0015620875,0.0396262533,0.071350232,2010,201039
41,433875,0.0762745263,0.0393346706,0.0116526509,2010,201041
42,547078,0.0299571803,0.094672465,0.0389610737,2010,201042
46,551302,0.0668704375,0.0646092454,0.003160142,2010,201046
47,626209,0.042950435,0.0891616312,0.0142401489,2010,201047
50,353943,0.1045599348,0.132953438,0.0077474098,2010,201050
52,226750,0.0768071033,0.1694520907,0.0570773234,2010,201052
54,242427,0.0820724749,0.1139349878,0.0133216956,2010,201054
55,200977,0.1097199311,0.1655759602,0.0071625618,2010,201055
57,273210,0.0330287244,0.1674657566,0.061921039,2010,201057
58,275516,0.0961699319,0.1277412745,0.0243079726,2010,201058
59,294196,0.0347553894,0.1139660457,0.0367409351,2010,201059
61,522290,-0.0031690915,0.059813036,0.0460972354,2010,201061
67,276168,0.0193244354,0.0936252443,0.0551400621,2010,201067
68,274700,0.0706380961,0.1371127983,0.0133677455,2010,201068
69,819856,-0.0021156128,0.1073250061,0.0672209785,2010,201069
73,618648,0.075341185,0.0885683569,0.005880474,2010,201073
75,855523,0.0684046966,0.0693480954,0.0163150384,2010,201075
76,260200,0.0318836915,0.1084485767,0.0375532294,2010,201076
77,562646,0.0258149614,0.0981308596,0.0463091979,2010,201077
78,673825,0.0805707022,0.0627754818,0.0057964544,2010,201078
81,800756,0.0697764992,0.070982255,0.0140006406,2010,201081
82,261099,0.099655654,0.1625006211,0.0302432056,2010,201082
83,499620,0.0530637414,0.0608948775,0.0260699496,2010,201083
84,377337,0.0065967869,0.1921798605,0.0630065866,2010,201084
87,353300,0.036296261,0.0846335666,0.0295110893,2010,201087
88,491534,0.0639560968,0.0894076389,0.0175773752,2010,201088
90,288235,-0.0330838629,0.1115160885,0.079547339,2010,201090
91,237862,0.026597208,0.1069443419,0.0608054403,2010,201091
94,679980,0.0199753345,0.0835924564,0.0671090559,2010,201094
97,299750,0.0423899738,0.0165552846,0.058120172,2010,201097
98,684576,0.0848433359,0.0997141696,0.0262905181,2010,201098
99,338970,0.0202517582,0.0654079837,0.0447568641,2010,201099
101,147100,-0.0958441841,0.0845655277,0.0974484426,2010,2010101
102,380752,-0.0117211102,0.0863288874,0.079643406,2010,2010102
106,96899,0.1117000767,0.2675027036,0.0064035685,2010,2010106
107,91450,0.1274701328,0.2451229724,0.0087118897,2010,2010107
108,37450,0.0631613261,0.1335314617,0.060778632,2010,2010108
112,15100,-0.0988522128,-0.119309912,0.0915886154,2010,2010112
113,26700,-0.002950385,-0.1667278431,0.0840666201,2010,2010113
118,57553,0.0219840736,0.1013570934,0.0406366369,2010,2010118
119,61100,0.062721743,0.0387092174,0.063360683,2010,2010119
120,38750,-0.0324122822,0.1456318926,0.0791621079,2010,2010120
123,16400,0.0674337614,0.07501278,0.0546058378,2010,2010123
124,23800,0.0926240462,0.0556513361,0.0298169149,2010,2010124
128,45949,0.0405612465,0.231583329,0.0578391558,2010,2010128
129,76040,-0.030122846,0.2235214472,0.0860401923,2010,2010129
130,67035,0.070606747,0.2381611387,0.0250145806,2010,2010130
131,114925,0.0750711209,0.2354834753,0.0510484852,2010,2010131
134,29515,0.0741391671,0.1552880625,0.0354360522,2010,2010134
135,98900,0.0054947974,0.1976566386,0.0835712424,2010,2010135
138,48800,0.073433372,0.2518284568,0.0442357754,2010,2010138
140,69550,-0.0354145637,0.1556700229,0.0725315603,2010,2010140
141,53400,0.0483561393,0.1496941834,0.0579645834,2010,2010141
144,57350,-0.146420686,0.0887300097,0.0816825047,2010,2010144
145,39525,-0.0295590859,0.2574150059,0.0698633893,2010,2010145
147,85885,0.0407468156,0.142050239,0.056230773,2010,2010147
150,70715,-0.0021338552,0.1633570398,0.0691581834,2010,2010150
151,50450,-0.1427465715,0.2633034488,0.0696371381,2010,2010151
153,38499,0.052476925,0.235056469,0.0502753551,2010,2010153
155,127445,-0.060983504,0.1696376864,0.0711228022,2010,2010155
157,104900,0.0590876162,0.2218164413,0.058997003,2010,2010157
158,64850,-0.022179644,0.2459806068,0.0623173757,2010,2010158
161,23200,-0.1411340106,0.1192503541,0.0697080208,2010,2010161
169,10000,0.0668061253,0.1359927254,0.0296288213,2010,2010169
170,54400,0.0183516961,0.2441821045,0.07582807,2010,2010170
173,18550,-0.0255990751,0.1593153566,0.0651554944,2010,2010173
174,28500,0.0518071751,0.2747924016,0.0714886511,2010,2010174
175,43000,-0.0616528214,0.1070955887,0.0769204484,2010,2010175
177,38700,-0.0063611187,0.0547810943,0.0599154465,2010,2010177
178,29000,-0.102507216,0.249975072,0.086897191,2010,2010178
179,45900,0.0639335488,0.2295273307,0.0442718361,2010,2010179
181,73400,0.0904533794,0.2289918315,0.0507065495,2010,2010181
182,20400,0.0082140502,0.268720511,0.0691169393,2010,2010182
183,37800,-0.0569805371,0.2419841765,0.0712314997,2010,2010183
186,2250,-0.157511144,0.2914824676,0.0877533803,2010,2010186
187,17000,-0.0551363759,0.1231973533,0.0640490604,2010,2010187
188,51450,0.0088779235,0.2413055484,0.0622064555,2010,2010188
191,104950,-0.0590657873,0.0977277282,0.0872904138,2010,2010191
193,29400,-0.1143454254,0.2417336724,0.0871888365,2010,2010193
194,37200,-0.22358509,0.2557796721,0.0859296026,2010,2010194
195,54800,-0.0257317524,0.212884639,0.0773489302,2010,2010195
200,25050,-0.0482529471,0.0953696172,0.0821334115,2010,2010200
201,25800,0.0501823807,0.1607530389,0.0627857752,2010,2010201
203,18800,-0.1384021449,0.208825811,0.0962067703,2010,2010203
205,38750,0.0221586127,0.1510111232,0.074914892,2010,2010205
206,27750,-0.0810307679,0.2617952768,0.0866098407,2010,2010206
207,6000,-0.1640403447,0.2435144175,0.0989416205,2010,2010207
209,16500,-0.1387634759,0.1313842428,0.1108423877,2010,2010209
210,25450,-0.269950248,0.1957436549,0.1011384953,2010,2010210
6,1277674.12,0.0681249577,0.0870978062,0.0045208055,2011,20116
7,497798.13,0.1182460771,0.1749457358,0.0125737703,2011,20117
11,475131.81,-0.0059260972,0.0177533249,0.0685204849,2011,201111
16,213552.37,0.040533736,0.0104331215,0.0287377669,2011,201116
17,302745.46,0.0739525927,-0.0386723963,0.031290919,2011,201117
18,1104741.44,0.0017719892,0.0306086523,0.086244498,2011,201118
21,1516003.94,0.0634867435,0.0508022217,0.0104376339,2011,201121
23,547947.24,0.0280558145,0.0543649376,0.0513272091,2011,201123
24,667902.37,0.0580941809,0.0179179543,0.0055184705,2011,201124
26,805854.7,0.0561638312,0.0679876001,0.0431025761,2011,201126
28,450662.1,0.0774487223,0.1084430308,0.0176792506,2011,201128
29,547273.01,0.0963526121,0.1244654944,0.0050397532,2011,201129
30,713665.91,0.0071856001,0.0787744253,0.0719489327,2011,201130
31,245913.36,-0.0072198704,0.0762270263,0.0473835924,2011,201131
36,331650.69,-0.0347951573,0.0788942238,0.0740474502,2011,201136
38,537946,0.0193247815,0.0106060039,0.0573361128,2011,201138
39,574271.14,0.0824378631,0.0588688224,0.025502719,2011,201139
41,406832.5,0.1125419595,0.0501378624,0.0172542004,2011,201141
43,558462.31,0.0466685619,0.0924147114,0.0386013164,2011,201143
44,1295084.56,0.080048538,0.0687142477,0.0076524071,2011,201144
47,279118,0.0702041612,0.0742555338,0.0029617443,2011,201147
49,854254.58,0.0608188668,0.0509144891,0.0176114172,2011,201149
50,824166.8,0.0399429279,0.0555110915,0.0334913462,2011,201150
53,865203.62,0.0560684462,0.091660815,0.0606800535,2011,201153
55,383222.71,0.0645142359,0.0984207623,0.0301605738,2011,201155
56,1339316.09,0.1003938405,0.1098194967,0.0273175389,2011,201156
59,280171.01,0.0960539216,0.1491301296,0.0377930776,2011,201159
60,846381.99,0.1259312648,0.1181419768,0.0117899344,2011,201160
62,487542.07,0.0573485615,0.1078108832,0.0552050828,2011,201162
63,656287.6,0.1082246964,0.1157906701,0.0399843593,2011,201163
70,405638.54,0.0379388741,0.0625772056,0.0284012764,2011,201170
71,679602.22,0.0731013409,0.066807013,0.0103660861,2011,201171
73,962628.31,0.0480754792,0.0823308222,0.0414878865,2011,201173
74,537648.05,-0.0080714524,0.0456172623,0.0518722783,2011,201174
75,1125115.12,0.0760595529,0.0672677228,0.0118515262,2011,201175
77,939940,0.067170148,0.040342975,0.0311774252,2011,201177
78,1030927.63,0.0988819841,0.088089012,0.0159760618,2011,201178
81,675318.46,0.035633839,0.0942514194,0.0545026709,2011,201181
82,195954.45,-0.042355603,0.0807649257,0.0789077589,2011,201182
84,958557.59,0.0709218944,0.1124859156,0.0314805367,2011,201184
85,1501071.21,0.0191691528,0.1136670931,0.0568440979,2011,201185
87,1579098.12,0.0643292724,0.0887091521,0.0229853478,2011,201187
88,426276.29,0.1002171386,0.0622401667,0.0183270051,2011,201188
89,472706.03,-0.0118697309,0.0902614898,0.0741143532,2011,201189
91,955456.37,0.140423435,0.1606348035,0.0320433684,2011,201191
97,813040.7,0.0876497503,0.1209457373,0.034722742,2011,201197
98,564011.13,0.0428508325,0.1146587479,0.0482499764,2011,201198
99,574009.4,0.0151269711,0.1155491413,0.0524809516,2011,201199
101,1351167.31,0.1119510103,0.1027297735,0.0194234529,2011,2011101
102,1805703.64,0.0566635693,0.1258167159,0.0363661363,2011,2011102
106,635970.32,0.0702169124,0.1188905924,0.0560573298,2011,2011106
107,1598728.5,0.1159239651,0.1038103187,0.0247153797,2011,2011107
108,506260.81,0.1429479246,0.1477087959,0.0169334679,2011,2011108
111,777203.9,0.0783287391,0.1242969642,0.0293007442,2011,2011111
112,520721.66,0.0286520049,0.1383566691,0.0453249467,2011,2011112
113,1011031.74,0.1088943259,0.132956037,0.0397634418,2011,2011113
114,1454483.74,0.0357157181,0.0939323462,0.0698144462,2011,2011114
118,473648.92,0.0543943313,0.0746024052,0.0245136898,2011,2011118
119,815139.27,0.0118855744,0.1207192037,0.0322741179,2011,2011119
121,694338.47,0.047926624,0.1191845608,0.0425431819,2011,2011121
122,1871969.72,0.0859660497,0.0873883682,0.0151296626,2011,2011122
125,522090.65,0.0104031849,0.1603317748,0.0641045851,2011,2011125
126,350383.1,-0.1011218592,0.147105589,0.0818914113,2011,2011126
128,515114.56,0.0846781052,0.0237395196,0.0833348028,2011,2011128
129,502954,0.0024071857,0.1226900565,0.0781234637,2011,2011129
134,16000,0.1182415081,0.2498794726,0.007514566,2011,2011134
135,27700,0.1416576972,0.243509879,0.0115277015,2011,2011135
136,18245.23,0.0631076209,0.2675097254,0.0619479036,2011,2011136
141,8891,-0.0821291455,-0.4328578369,0.1073772301,2011,2011141
142,54361.68,0.0301155959,0.0680353734,0.0516715241,2011,2011142
143,3500,-0.1192163807,0.250952534,0.0863698346,2011,2011143
149,15500,0.0162204464,0.2599528163,0.0559989783,2011,2011149
150,5500,0.0846511552,0.2471641501,0.0554979679,2011,2011150
151,10878.82,-0.0370227097,0.0055132544,0.063828289,2011,2011151
153,14500,0.099517947,0.1046546706,0.0294511548,2011,2011153
156,7000,0.0600627548,-0.2899703231,0.0482116026,2011,2011156
157,25655.18,0.0019348465,0.1721256044,0.0782017763,2011,2011157
159,21300,0.102217876,0.2450906345,0.0296192174,2011,2011159
160,49544.64,0.05652945,0.2456212294,0.0352331942,2011,2011160
163,12880.59,0.0061336139,0.0021743833,0.0666472103,2011,2011163
165,29091.8,0.0502279344,-0.008230805,0.0527993232,2011,2011165
166,47919.21,0.102483767,0.138960797,0.027934186,2011,2011166
168,23650,-0.0634740543,0.1420234785,0.0757047472,2011,2011168
171,55174.03,0.0234663536,0.1177018344,0.0627759004,2011,2011171
172,42030.07,0.0817888935,0.0418994993,0.0421306148,2011,2011172
178,37342.74,-0.0554445384,0.1082044558,0.079035819,2011,2011178
179,46307.87,0.0143493903,0.2483328406,0.0554495654,2011,2011179
180,39349.86,-0.1162846116,0.0361473387,0.090429714,2011,2011180
181,21748.19,0.0074337326,0.1258859053,0.0535341072,2011,2011181
182,61697.65,0.0121429194,0.0126003028,0.0706385812,2011,2011182
183,56451.22,0.0529393265,0.0585570812,0.0622732215,2011,2011183
186,16764.35,-0.0493944005,0.2554615266,0.0872267856,2011,2011186
189,27764.17,0.0839711432,0.1429714127,0.0488478303,2011,2011189
191,49105.67,-0.0074709451,0.123993157,0.0613499325,2011,2011191
192,41967.01,0.051893689,0.0108293508,0.0453426608,2011,2011192
193,57400,-0.0104401368,0.2480931636,0.0600669246,2011,2011193
195,12000,-0.1005596688,-0.0738338949,0.0806073608,2011,2011195
197,15176.72,-0.0783870075,-0.1086310859,0.076495189,2011,2011197
198,28050.14,0.0452296933,0.1274854107,0.0518649436,2011,2011198
205,2000,-0.0875938445,0.2456982483,0.0945942484,2011,2011205
207,8456.88,0.0492984277,-0.2507034698,0.0716883401,2011,2011207
208,7045.6,-0.0514611165,0.2611273066,0.0695293786,2011,2011208
209,2000,-0.1512804894,0.2520562835,0.0765385637,2011,2011209
211,8000,0.0859970011,0.2445984635,0.0425590551,2011,2011211
212,24459.55,0.0155764053,0.2460257348,0.0717660666,2011,2011212
213,5950.88,-0.1134358531,0.2517115417,0.0939051839,2011,2011213
215,19493.16,0.0761020845,0.157434553,0.0698392201,2011,2011215
216,27500,-0.0108173192,0.2696635562,0.0675780803,2011,2011216
219,8038,-0.2092205761,0.2488011884,0.0940112179,2011,2011219
220,25060.59,-0.1042079352,-0.0160233394,0.0961040582,2011,2011220
221,24500,-0.0362395255,-0.038474868,0.0768552636,2011,2011221
226,3000,-0.0876154122,-0.667425085,0.0986879253,2011,2011226
227,20173.48,0.0235741004,-0.0993195007,0.078901455,2011,2011227
229,7500,-0.0715068253,0.2504558671,0.097797193,2011,2011229
230,10000,-0.1498030148,0.0353450878,0.0822810438,2011,2011230
231,3366.6,-0.2069278183,0.2585550783,0.0856323214,2011,2011231
232,13132.14,-0.2451065152,0.2444751744,0.0918085201,2011,2011232
12,176697.31,0.0349033985,0.0781654002,0.0710535268,2012,201212
17,737708.43,0.0553384581,0.0809143152,0.0050945305,2012,201217
18,1072047.29,0.0691671849,0.0465916845,0.0025174059,2012,201218
20,861949.3,0.0294756943,0.0349416781,0.0312889003,2012,201220
21,1297581.8,0.0662146841,0.0583875852,0.0032936241,2012,201221
23,910206.34,0.0586783535,0.0383016167,0.0149517336,2012,201223
24,915246.9,0.0785815654,0.0510666052,0.004197439,2012,201224
28,128076,0.0487711852,0.0426996507,0.0043277545,2012,201228
30,1204500,0.0620996381,0.0496487264,0.0035121094,2012,201230
32,507706,0.0518698204,0.0529919413,0.0026222185,2012,201232
33,487802,0.0571244091,0.0344719612,0.003383631,2012,201233
34,698856.98,0.0467730494,0.0541510819,0.006566081,2012,201234
35,832718.86,0.0314095526,0.0451526054,0.0126531355,2012,201235
38,1965745,0.0663397073,0.0510889618,0.0034770732,2012,201238
40,292104.2,0.0503596668,0.0545142389,0.0020110541,2012,201240
41,988150,0.0594893447,0.0324947847,0.0038629988,2012,201241
42,1630731.03,0.0855104794,0.0531342227,0.0122287828,2012,201242
43,1426107.47,0.0379561972,0.0550644181,0.0389141132,2012,201243
45,243250,0.0762581486,0.0229089267,0.00661679,2012,201245
46,372804.13,0.0673124618,0.0171168747,0.0049566085,2012,201246
48,1768861.07,0.0642305483,0.0459930499,0.0037090097,2012,201248
49,1071542.8,0.0804839175,0.0777570649,0.0164714414,2012,201249
51,2074739.07,0.0227442475,0.0686037109,0.0385373646,2012,201251
53,1167239.02,0.0386956184,0.0730636336,0.0360817115,2012,201253
54,1131595.59,0.072055251,0.0761934747,0.0052906829,2012,201254
56,842300.5,0.0151064392,0.029996047,0.0337690323,2012,201256
61,2911821.78,0.0648156551,0.0582990523,0.0030147912,2012,201261
63,791319.9,0.0553558818,0.0535618075,0.0035382968,2012,201263
64,919782,0.0409564514,0.0570102135,0.0394157097,2012,201264
65,2200373.43,0.0384524199,0.0469022204,0.0356748178,2012,201265
66,1218797.8,0.0673970331,0.0697569038,0.0047659117,2012,201266
67,3236408.13,0.028459675,0.0713110447,0.0375386197,2012,201267
68,1529838.7,0.0132230612,0.0132965665,0.065547832,2012,201268
69,1313144.41,-0.0037067335,0.0781079771,0.0485977075,2012,201269
72,2387842.94,0.1179618163,0.1361750799,0.0090093633,2012,201272
74,465285.96,0.1548711929,0.1903368658,0.0133886122,2012,201274
75,497822.47,0.1900529097,0.1972471597,0.0199130608,2012,201275
81,459310.01,0.0449824974,-0.0190311574,0.0800234108,2012,201281
82,607009.37,0.0979504374,0.0939381865,0.0440645582,2012,201282
85,488800,-0.0069576552,0.1353821599,0.0622689415,2012,201285
86,739551,0.0686447968,0.0758859319,0.0465633853,2012,201286
87,1309475.94,-0.0788294891,0.110419566,0.0959870611,2012,201287
88,532117.33,0.1144492114,0.1183040442,0.0257769763,2012,201288
96,515731.15,0.1079233163,0.0214371214,0.0060264079,2012,201296
98,518500,0.0911522192,0.121075212,0.0124366856,2012,201298
99,376710,0.0524559536,0.054518739,0.0326558195,2012,201299
101,876050,-0.017669117,0.0607206039,0.0396362297,2012,2012101
102,1180369.36,0.0943213836,0.1069682861,0.0520592151,2012,2012102
106,541500,0.0771208659,0.0896044252,0.0336736624,2012,2012106
107,1455985,0.1224254485,0.1106606547,0.0134411343,2012,2012107
108,1012640,0.0509572979,0.046543593,0.0386745282,2012,2012108
109,1350693,0.1252185167,0.1127458945,0.0091579143,2012,2012109
110,1282662,0.0116104213,0.099164279,0.058975829,2012,2012110
115,1489561.27,0.1037194618,0.0579390751,0.0345196856,2012,2012115
116,751650,0.0609116955,0.1064663856,0.0419726555,2012,2012116
118,1769518.43,0.1094038856,0.1015515285,0.0221945983,2012,2012118
119,1815457.42,0.1524300166,0.1060760294,0.0144775779,2012,2012119
120,2792728.42,0.1491373547,0.1076713225,0.0327690882,2012,2012120
125,1173758.41,0.0934568376,0.105466959,0.0370742017,2012,2012125
126,1009175,0.1278902176,0.1092703109,0.0107437551,2012,2012126
127,1337886.68,0.0611994933,0.1157817723,0.0439578088,2012,2012127
128,2310303.97,0.0459730638,0.1081054371,0.0449994582,2012,2012128
130,742661,0.084415088,0.1241304419,0.027728822,2012,2012130
133,1197504.91,0.129104314,0.1111199312,0.0218890707,2012,2012133
134,1364657,0.0799706531,0.1330483536,0.0402059293,2012,2012134
135,1765637.18,0.1438288468,0.1203418608,0.0115793427,2012,2012135
140,276500,0.1495816129,0.1922071135,0.0492489361,2012,2012140
141,243527.27,0.083123487,0.1369127949,0.0728492617,2012,2012141
142,189501.09,0.1719672132,0.122789436,0.0307851991,2012,2012142
143,196600,0.0600895612,0.1718653415,0.051376951,2012,2012143
144,408825,0.1948253633,0.1036683082,0.0330796928,2012,2012144
148,1824202.22,0.0562994725,0.0535190978,0.0574326565,2012,2012148
151,623147.51,0.1055588223,0.1275102573,0.0215567949,2012,2012151
152,1478944.43,0.1520640107,0.1129260399,0.0179523154,2012,2012152
153,682122.72,0.0525051098,0.060917945,0.0433804757,2012,2012153
155,667300,-0.0425504545,0.1035064073,0.0847085811,2012,2012155
158,643677,0.011451125,0.0801854189,0.0680600442,2012,2012158
159,1772846.62,0.0724165787,0.0944244264,0.0642397402,2012,2012159
160,1308207.83,-0.0258471682,0.0897447928,0.0758038997,2012,2012160
163,782365,0.0268069324,0.0541460211,0.0808810043,2012,2012163
166,920522,0.0254554395,0.0927526103,0.062629757,2012,2012166
167,1551106.39,0.0979269146,0.1003034954,0.0342435055,2012,2012167
170,1672987.99,0.0823909346,0.0400533965,0.0540463614,2012,2012170
172,2123201.27,0.0954830885,0.0769718089,0.0426431439,2012,2012172
174,1627746.66,0.1657897421,0.060207276,0.0370504365,2012,2012174
176,3415787.6,0.1372612978,0.0604587632,0.020659786,2012,2012176
177,2200496.05,0.1032226451,0.1237307903,0.0447627191,2012,2012177
181,1181025.87,0.0550778243,0.0873242152,0.0429699534,2012,2012181
182,1707933.19,0.1185797579,0.0826622774,0.0542902204,2012,2012182
183,1184547.25,0.0247193073,0.1404484269,0.0674304709,2012,2012183
184,1431871,0.1255403921,0.1225796972,0.0375253922,2012,2012184
185,1525286.3,0.0292597426,0.0670819729,0.0882269084,2012,2012185
187,924454.96,0.0486090658,0.1166919802,0.0551356772,2012,2012187
188,620010,-0.0749326219,0.0846911796,0.079031916,2012,2012188
192,33958.9,0.1688544885,0.2461135312,0.0137605992,2012,2012192
197,37950,-0.1012934135,-0.0903145549,0.0797051578,2012,2012197
198,44588.61,-0.0112032191,-0.0800728213,0.0803205275,2012,2012198
199,17009,0.050326817,0.1468023858,0.0897283327,2012,2012199
207,19500,0.0525299079,0.2640534273,0.0409656252,2012,2012207
208,17244.5,-0.0202265526,0.2592555122,0.0659761746,2012,2012208
209,36592.4,0.0783780628,0.1733184597,0.045136285,2012,2012209
210,9600,-0.0373662234,-0.6717048791,0.0704930559,2012,2012210
212,26400,0.1062250861,0.1418402047,0.0409066682,2012,2012212
214,3500,0.1015769882,0.2435981159,0.021068968,2012,2012214
216,15850,0.0076916377,0.2445137266,0.0586426872,2012,2012216
217,24717.88,0.0802110873,0.1127770428,0.0441528037,2012,2012217
222,25800,-0.052190969,0.1661251148,0.0763921141,2012,2012222
224,26105.36,0.0971183047,-0.0001618065,0.0666316553,2012,2012224
225,34495.21,-0.0102947924,0.170820554,0.0713188367,2012,2012225
228,11920,0.104375431,0.2506197171,0.013082629,2012,2012228
229,13319,0.0561339614,-0.1295020934,0.0626021692,2012,2012229
231,60638.5,0.0797812369,0.0698141161,0.0509908632,2012,2012231
233,29723.21,-0.0254585788,0.1900541703,0.0818352757,2012,2012233
234,32099.27,0.0597455929,0.0933412707,0.0615872928,2012,2012234
238,9776.83,-0.0243798822,0.0663671271,0.0682066702,2012,2012238
239,11000,-0.102870796,0.2458976839,0.0840963701,2012,2012239
240,48234.23,0.0330495823,0.1434731555,0.0559997937,2012,2012240
241,36176.89,0.0636047404,0.2493265252,0.0591450928,2012,2012241
242,70025.91,-0.0598176691,0.0996455108,0.0782729938,2012,2012242
246,13134.79,0.1038446302,0.0240507517,0.0710897874,2012,2012246
248,16686.33,-0.0043480664,-0.0158064099,0.0698963988,2012,2012248
252,10437.15,0.0262098584,0.247397237,0.0623219181,2012,2012252
254,11000,0.0806213619,-0.4995557802,0.0538638474,2012,2012254
255,46641.65,0.1425916647,0.1984192204,0.0384956807,2012,2012255
256,23100,-0.007995413,0.0968724016,0.0831534205,2012,2012256
258,45103.57,0.0708365028,0.2502658153,0.0661850155,2012,2012258
259,37200,-0.0483863688,0.2000207887,0.0803009368,2012,2012259
261,54101.58,0.0784444399,0.2475037259,0.0764904603,2012,2012261
262,40283.78,0.1603683905,0.0896263812,0.0169759933,2012,2012262
263,52448.77,0.1476753815,-0.0236476271,0.0620903292,2012,2012263
265,25900,-0.0829882581,0.0850893901,0.0941815402,2012,2012265
266,59012.17,0.0219820164,0.1041376275,0.0605609286,2012,2012266
272,20700,0.0184585636,-0.0233981298,0.0659328485,2012,2012272
275,13800,0.0326962403,0.2719934161,0.0954604193,2012,2012275
276,9000,-0.1023370689,0.2477146239,0.071415912,2012,2012276
277,3000,-0.1319238079,0.2393190683,0.0868539067,2012,2012277
279,15500,0.0214619576,0.24340595,0.0643574058,2012,2012279
281,4000,0.1082925022,0.2472715226,0.0331232181,2012,2012281
282,5500,0.0612322378,0.2818014925,0.0606996752,2012,2012282
285,7000,0.0932392766,-0.3316318841,0.0655042518,2012,2012285
286,16725,-0.0045064847,0.2481242537,0.0736131018,2012,2012286
289,15499.61,-0.0468990601,0.0685225037,0.1041730221,2012,2012289
290,4774.16,-0.1833034015,0.3050154433,0.0863492394,2012,2012290
291,12877.54,-0.0158672175,0.2501469126,0.0675360283,2012,2012291
295,287832.32,0.0595851006,0.1126462576,0.0471319715,2012,2012295
298,3033.05,-0.0682946814,0.2377188749,0.1007645714,2012,2012298
301,3861.92,-0.0144325455,0.2418083423,0.0876124997,2012,2012301
304,3000,-0.030202079,0.2543290683,0.0753874348,2012,2012304
305,36000,-0.1647100781,0.206213579,0.0935478102,2012,2012305
306,20000,-0.2083720851,0.1511087304,0.0968471232,2012,2012306
9,201500,0.0416716248,0.0808435039,0.0369879304,2013,20139
11,515538.7,0.0786675015,0.0769327918,0.0052924476,2013,201311
15,670900,0.0751712967,0.078292627,0.0048691245,2013,201315
17,1293252.32,0.0692285371,0.068982401,0.0035945117,2013,201317
18,1412950,0.0589793586,0.0766578519,0.0131498776,2013,201318
21,1001868.08,0.0594470202,0.0755556624,0.0138194818,2013,201321
22,1177788,0.0270728759,0.0589441895,0.0327694467,2013,201322
24,995790,0.0501271321,0.0025631748,0.0217878392,2013,201324
26,775080.01,0.0683128955,0.0638725201,0.0041198026,2013,201326
27,2658005.87,0.0735249165,0.0667163045,0.0036681188,2013,201327
31,427301,0.0706604937,0.0790013918,0.0034724305,2013,201331
32,1205535,0.0532011054,0.0683509958,0.0246558853,2013,201332
34,2037713.71,0.0711359336,0.0614201736,0.0031280036,2013,201334
35,2188230.43,0.0775802323,0.0792020684,0.0041622494,2013,201335
36,2089515.05,0.0845654771,0.041833618,0.0059227563,2013,201336
38,2226382.74,0.0239860603,0.0682506922,0.0301848428,2013,201338
40,2586040.09,0.0793791448,0.0609917423,0.0040429952,2013,201340
41,2804511.18,0.0595021313,0.07393183,0.0112268948,2013,201341
43,2049880.14,0.0570897953,0.0406078637,0.0073281489,2013,201343
44,2066947.03,0.0238649292,0.0680221821,0.0498620362,2013,201344
48,141375,0.0334717945,0.0476920846,0.0465871385,2013,201348
54,575534.01,0.0530908047,0.0170118946,0.0039733618,2013,201354
55,591175,0.0492520363,0.0475696582,0.0037833217,2013,201355
56,484955,0.0419758102,0.044074971,0.0080656006,2013,201356
59,438700,0.0504795434,0.0215164487,0.0045097428,2013,201359
60,514500,0.0537472867,0.047132117,0.003243872,2013,201360
62,710401,0.0596734679,0.0453130648,0.0031219261,2013,201362
64,601979.04,0.0565630619,0.0454134032,0.003904018,2013,201364
65,610100,0.0511508875,0.0452991814,0.0035281606,2013,201365
66,1203843,0.0392136958,0.0438550856,0.0525203853,2013,201366
68,632950,0.0517872744,0.0285009469,0.0039138151,2013,201368
69,1162334.82,0.0758537152,0.0323725214,0.0142401561,2013,201369
70,1763208.73,0.0213342417,0.0473352384,0.0514915957,2013,201370
71,524740,0.0677624739,0.0476255097,0.0065010759,2013,201371
77,520551,0.0373036351,0.0603307911,0.0378221921,2013,201377
80,682588,0.0641493251,0.0609373799,0.0052802097,2013,201380
81,3300841,0.0713754088,0.0706257239,0.004383846,2013,201381
82,2162323.59,0.048018318,0.0635222815,0.021836209,2013,201382
85,295300,0.0467173844,0.0580138814,0.0280183691,2013,201385
86,1269830,0.0046857383,0.0452122217,0.0453669814,2013,201386
88,2976463.36,0.0666167053,0.0494921767,0.0041946546,2013,201388
89,3603385.65,0.0425187008,0.068944942,0.021466874,2013,201389
91,2153331.43,0.0118163111,0.0591371628,0.0462422403,2013,201391
92,3781809.17,0.0423945344,0.0671081255,0.0161528713,2013,201392
93,2956036.39,0.0110486152,0.0535529022,0.067949138,2013,201393
95,5314022.62,0.0713009875,0.0608572206,0.0044720602,2013,201395
96,1810069.37,0.058121996,0.0462723112,0.0040425174,2013,201396
97,4388052.11,0.0242135571,0.058697062,0.0556863951,2013,201397
98,4062685.31,0.0048823603,0.064918994,0.045845254,2013,201398
102,2683508.17,0.108309355,0.1097768896,0.0050571275,2013,2013102
103,2371062.67,0.1295893218,0.1435571006,0.0102056468,2013,2013103
106,584403,0.1562112909,0.180331916,0.0130519417,2013,2013106
107,606500,0.1792894271,0.1746773191,0.0151876635,2013,2013107
108,214500,0.2048470457,0.2175407817,0.028418057,2013,2013108
115,44200,0.047085274,0.1363534433,0.0507895971,2013,2013115
116,67500,-0.0370453858,0.1203592685,0.0818058815,2013,2013116
117,319201.11,-0.0568642831,0.0810565841,0.088365097,2013,2013117
119,146000,0.1003004375,0.133771482,0.04176888,2013,2013119
120,260900,0.0097522769,0.1334623212,0.0706008495,2013,2013120
121,248400,0.082608302,0.1107433506,0.0455098551,2013,2013121
123,110890.91,0.0522963192,0.11201489,0.0587477572,2013,2013123
125,118300,0.0871733803,0.162668267,0.0295054676,2013,2013125
126,116500,0.1370047165,0.1304545681,0.0239263274,2013,2013126
133,725196.02,0.12286993,0.1283510619,0.0161917138,2013,2013133
135,1189453,0.0528147353,0.1032297187,0.0613841773,2013,2013135
137,1435038.78,0.0696297009,0.0801815594,0.04218124,2013,2013137
138,1381447.35,0.1137275043,0.068624025,0.0167419346,2013,2013138
139,1393375,0.0225343092,0.0837421967,0.0543717688,2013,2013139
142,1067491.71,0.0773439607,0.0884148633,0.0262020862,2013,2013142
144,1701761.5,0.1196738831,0.0923871751,0.0075038194,2013,2013144
145,3078858,0.0991911503,0.0749514221,0.0306441932,2013,2013145
147,204150,0.0986880803,0.0760911885,0.0542443935,2013,2013147
149,450900,0.1769893541,0.1356254423,0.0629489199,2013,2013149
150,517055,0.107483389,0.1345532244,0.0349554384,2013,2013150
156,479149.45,0.0914664394,0.0459902781,0.041612385,2013,2013156
159,236600,0.0208723118,0.0607428922,0.0680057609,2013,2013159
160,724273.78,0.0802462002,0.0951462276,0.0688527014,2013,2013160
161,1042100,-0.0083876178,0.0771188656,0.0785779624,2013,2013161
165,1334543.2,0.0232399579,0.0996116331,0.056169723,2013,2013165
166,1510736,0.0917967821,0.0925964335,0.0396517174,2013,2013166
168,835689.13,0.0700871337,0.0773270757,0.0728094414,2013,2013168
171,1402385,0.1310228546,0.1109890427,0.0218376929,2013,2013171
172,1607070.63,0.0785302556,0.051392488,0.0326360936,2013,2013172
174,1594550,0.1654528771,0.0765393308,0.0113375242,2013,2013174
175,1657000,0.1108782571,0.1054302816,0.0217700172,2013,2013175
177,2734794.17,0.0799713561,0.100103579,0.0426953067,2013,2013177
178,1411060,0.0194274912,0.0789509492,0.067192842,2013,2013178
181,1358196,0.0405535833,0.0993721784,0.0560964773,2013,2013181
182,2358090,0.0836572577,0.1113109154,0.0404734208,2013,2013182
183,1883149,-0.0124588015,0.0670945162,0.0613003709,2013,2013183
184,1762608.53,-0.0195397419,0.0945027711,0.0880903717,2013,2013184
186,1987474.42,0.0793557776,0.0624604268,0.0500262639,2013,2013186
187,4730509.74,0.1417106386,0.0908850051,0.0170356398,2013,2013187
194,2491402,0.0499801538,0.0926758859,0.0452372746,2013,2013194
195,6043357.57,0.0933218339,0.0891760989,0.0171410272,2013,2013195
196,7612374.86,0.1188244369,0.0876917301,0.0056215376,2013,2013196
202,1366679.77,0.1334456945,0.0846178623,0.0159160935,2013,2013202
203,744000,0.0881444282,0.125880501,0.04422528,2013,2013203
205,1766095,0.1402333022,0.1384436614,0.015200898,2013,2013205
206,2146687.2,0.1725621801,0.1162278629,0.0114869074,2013,2013206
210,2499240.02,0.1172702376,0.1026176886,0.0307843946,2013,2013210
211,3112125,0.1511955928,0.1273722254,0.0196181828,2013,2013211
212,3151961.51,0.0716436292,0.1281630619,0.0674341523,2013,2013212
213,2552629.22,0.0741450395,0.120669237,0.0645367567,2013,2013213
216,2734288.4,0.0976749016,0.1248897818,0.0431721243,2013,2013216
217,1963719,0.0422847423,0.1287419996,0.0681468813,2013,2013217
218,2543150,0.1208034322,0.1287250511,0.0152217338,2013,2013218
221,3891901.56,0.1434072286,0.105865517,0.0360723019,2013,2013221
222,3524924.87,0.0959887978,0.1206768341,0.0546904502,2013,2013222
223,4763911.04,0.1605104816,0.1163262707,0.0184637305,2013,2013223
224,2634063,0.0615639709,0.1257104529,0.0552242736,2013,2013224
227,1014133.31,0.1515088455,0.157961243,0.0593217825,2013,2013227
229,329475,0.1448887225,0.0724869024,0.0330725689,2013,2013229
231,758000,0.0943368977,0.1138506494,0.0604230863,2013,2013231
232,493000,0.0285208266,0.128094982,0.0757339261,2013,2013232
235,366300,0.1524852154,0.1740748954,0.0462631952,2013,2013235
236,680249,0.2077836529,0.0533601142,0.0256350159,2013,2013236
237,269300,0.1091255605,0.1151532655,0.0555322687,2013,2013237
243,1670260,0.0383951463,0.1039306254,0.059772,2013,2013243
245,2669730.86,0.035219687,0.0894751511,0.0593099362,2013,2013245
247,1755480,0.049673073,0.1088470411,0.0452070187,2013,2013247
252,5040951.65,0.0833441979,0.1060289475,0.0285401408,2013,2013252
253,5346321.22,0.1193998651,0.0775813512,0.0062358507,2013,2013253
254,7409176.1,0.062233962,0.0956795694,0.0568923624,2013,2013254
256,690484,0.0875389868,0.1350612084,0.0536864013,2013,2013256
258,377100,0.1228212248,0.1411705122,0.0536348605,2013,2013258
259,1023950,0.1698715829,0.0704527836,0.0188377526,2013,2013259
261,1930867.52,0.0363662876,0.0955226429,0.055198764,2013,2013261
262,3741214.66,0.1183132981,0.1103505174,0.0425683414,2013,2013262
265,1570199.71,0.0460438399,0.1049925312,0.0446722414,2013,2013265
266,2491385.55,0.1095371042,0.1193825127,0.0327885986,2013,2013266
270,2627600,0.1195154546,0.1109531258,0.0262107013,2013,2013270
271,1556841.63,0.0600008002,0.0677253657,0.0634933845,2013,2013271
274,3263694.79,0.1055881073,0.0914444709,0.058171424,2013,2013274
276,1682100,0.1518151204,0.1077583547,0.0210201588,2013,2013276
277,2086914.71,0.1175892687,0.1025107443,0.043187159,2013,2013277
278,3066626.91,0.1673919915,0.1037498304,0.0164947431,2013,2013278
280,2352800,0.1254484665,0.0903740153,0.0305034132,2013,2013280
281,3163741.75,0.0472269318,0.107027196,0.071983358,2013,2013281
282,2165680,0.0395781976,0.1175138481,0.0498497235,2013,2013282
284,760177.85,0.0885956724,0.1246125097,0.0451183168,2013,2013284
285,913804.66,-0.0193738827,0.1349427281,0.0934274941,2013,2013285
287,2784421,0.0859312914,0.1097444022,0.0471810077,2013,2013287
290,7554450.98,0.1199169011,0.104201471,0.0150110913,2013,2013290
292,1150350,0.1345622511,0.1610239813,0.0730168282,2013,2013292
294,371200,0.1461290472,0.079424388,0.0417167431,2013,2013294
295,664800,0.1880855113,0.1791353582,0.0228574661,2013,2013295
296,1292303.01,0.0886892496,0.1031454335,0.0512485404,2013,2013296
298,986244.08,-0.0513669966,0.1157709082,0.0669510661,2013,2013298
300,2715950.33,0.0301933807,0.114776742,0.0642684412,2013,2013300
301,1692201.01,0.1103996384,0.1163311262,0.0334642978,2013,2013301
306,12500,0.1400079128,0.2387097783,0.009299957,2013,2013306
307,22200,0.1780607583,0.2391757858,0.0162426884,2013,2013307
308,37500,0.1027619599,0.1397752506,0.0468685297,2013,2013308
315,7500,0.0492037251,0.2358271372,0.0863924762,2013,2013315
321,5200,-0.0347928639,0.2430799033,0.0752527004,2013,2013321
325,5000,0.0450130281,0.2377427057,0.0484980401,2013,2013325
326,4000,-0.0330674731,0.2707275572,0.0690937642,2013,2013326
330,2700,0.1017300393,0.2309165387,0.0448994148,2013,2013330
336,2000,0.0545736633,0.2482234705,0.0652761198,2013,2013336
337,16200,0.1055373271,0.2343518552,0.0547379849,2013,2013337
338,2000,-0.0006416105,0.2279995109,0.0656977026,2013,2013338
339,14500,-0.0139394207,0.2347600868,0.0767581799,2013,2013339
340,4000,-0.0341868853,0.2227445109,0.0615657897,2013,2013340
343,4000,0.0194736884,0.2370159705,0.0665933719,2013,2013343
344,46750,-0.0326924356,-0.0040103449,0.1007887578,2013,2013344
345,42500,-0.1244455082,0.151867914,0.0758547163,2013,2013345
348,4300,0.0689611949,0.2359627219,0.040182042,2013,2013348
349,2500,0.1328946435,0.3616124705,0.0195334581,2013,2013349
352,14222.58,0.0273551054,0.2495985081,0.0566001269,2013,2013352
354,3000,0.0612879427,0.2354784705,0.0441579916,2013,2013354
355,13000,0.0992323502,0.0985369321,0.0564626976,2013,2013355
356,79500,-0.0046902046,0.2201149662,0.0814714744,2013,2013356
361,13000,-0.0101405478,0.2330691589,0.0768047302,2013,2013361
366,9500,0.043372732,0.2376459697,0.0590523752,2013,2013366
369,7500,0.1409184165,0.2414313763,0.0563164641,2013,2013369
370,5000,0.0720674664,0.2376804705,0.070339086,2013,2013370
371,6000,0.1567795124,-0.3385112534,0.0345391865,2013,2013371
373,9800,-0.012595428,0.2456050612,0.0613454975,2013,2013373
374,25500,0.0698823587,0.2351883172,0.067993097,2013,2013374
375,57500,0.1400300293,0.1475598601,0.07707745,2013,2013375
376,37750,0.0154210601,-0.0047615873,0.0848140758,2013,2013376
378,6951.23,0.1718122729,0.2477230582,0.0152504924,2013,2013378
380,64500,0.1287730058,0.1890083329,0.0427505293,2013,2013380
381,104000,0.066734323,0.1352654653,0.0713032947,2013,2013381
383,9000,-0.0368533859,-0.1883293073,0.1064548012,2013,2013383
384,4000,0.0461891838,0.2304950572,0.0725718465,2013,2013384
387,34000,0.024435885,0.1566421258,0.066589519,2013,2013387
388,6000,-0.0964437759,0.2356168039,0.0907120908,2013,2013388
390,32861.09,0.0033411393,-0.0707737434,0.0689899009,2013,2013390
391,33000,0.0931515935,0.1352427631,0.0579496573,2013,2013391
399,9000,-0.0983646041,-0.0536481961,0.0798142718,2013,2013399
400,13500,0.0470107794,0.0778464638,0.0840603274,2013,2013400
403,5000,0.1214413362,0.244169719,0.019130734,2013,2013403
409,8000,0.0387665348,0.2458997205,0.0801163589,2013,2013409
416,6500,-0.1349832507,0.2512930859,0.0950347716,2013,2013416
417,4000,-0.0115647678,0.2319338847,0.0933249521,2013,2013417
419,6000,-0.2683400982,0.238770484,0.0931097301,2013,2013419
420,3500,-0.0883751909,0.2446707673,0.0952582408,2013,2013420
9,248892.47,0.0444174139,0.0731282894,0.0601872894,2014,20149
12,594299,0.0840463178,0.0641317793,0.0057926529,2014,201412
13,914947.57,0.0696935789,0.0661195266,0.0038176748,2014,201413
15,1038019.2,0.0360478253,0.0567515704,0.0411158703,2014,201415
16,1202469,0.0732833131,0.0630864179,0.0045825848,2014,201416
18,1199418.71,0.059987398,0.0521786813,0.0204258528,2014,201418
19,1674068.26,-0.0137781681,0.0578853818,0.0581165454,2014,201419
24,1040261.36,0.0417577388,0.0498823463,0.0489212194,2014,201424
26,2836640.26,0.0786462152,0.0387422676,0.0044573659,2014,201426
27,2870611.09,0.0657246638,0.0627908662,0.0050441995,2014,201427
28,3301469,0.0079862024,0.0653602711,0.0532768715,2014,201428
31,3217813.48,0.0727949525,0.067582771,0.0042984764,2014,201431
32,6016284.97,0.0793100985,0.0587985277,0.0039566904,2014,201432
34,2977401.44,0.0744595342,0.0672190865,0.0043875462,2014,201434
35,5896088.31,0.0313772936,0.0618020472,0.0330041615,2014,201435
39,1069828.53,0.0540467359,0.0525234494,0.0188340051,2014,201439
40,3153498.63,0.0706064547,0.0542285581,0.0046017132,2014,201440
41,2840283.39,0.0287800435,0.0366890054,0.0542309874,2014,201441
45,1006283,0.058248617,0.0432241413,0.0181310781,2014,201445
47,1852115.6,0.0688686857,0.0608481324,0.0039993161,2014,201447
49,2923646.23,0.0743138676,0.066562262,0.0046084978,2014,201449
50,4919698.84,0.0801842302,0.0465290065,0.0050184422,2014,201450
52,2312211.5,0.0254019531,0.0593007171,0.0380945219,2014,201452
53,4958073.18,0.0632869092,0.0463677611,0.0209388576,2014,201453
57,1931312.34,0.0777304836,0.0356286191,0.0043565306,2014,201457
58,5400103.64,0.0687440413,0.0654376762,0.0077952266,2014,201458
62,3507715.78,0.0793530779,0.0498970522,0.004283449,2014,201462
63,5684071.86,0.0726485434,0.052131108,0.0032724692,2014,201463
64,4773812.3,0.082206467,0.0633796568,0.0043724693,2014,201464
65,4416638.03,0.0870644943,0.0572004852,0.0038444568,2014,201465
69,1744281.18,0.0592550756,0.0658186523,0.0224766857,2014,201469
70,4520582.36,0.0767949955,0.0539563435,0.0048601834,2014,201470
71,6112089.14,0.0878505405,0.0522402649,0.0044900756,2014,201471
73,5088188.32,0.0356940549,0.0560338801,0.0284207429,2014,201473
74,8023300.66,0.0672607177,0.0545087419,0.0168020854,2014,201474
76,6767839.61,0.015939535,0.0548426431,0.0725878071,2014,201476
78,5568699.28,0.0733736107,0.0552962728,0.0049054332,2014,201478
79,11419818.62,0.0422478106,0.0537713134,0.0728089097,2014,201479
82,4791243.26,0.0557099502,0.0545168488,0.0271707283,2014,201482
83,7537312.86,-0.0006290301,0.0638487869,0.0519628055,2014,201483
86,8307982.58,0.0346978548,0.0498776113,0.0213218413,2014,201486
89,6112921.02,0.0399340901,0.0438790761,0.0309076424,2014,201489
91,2449504.42,0.0472853516,0.0518121089,0.0198170999,2014,201491
92,8143359.12,0.0769158205,0.0615817698,0.004386149,2014,201492
94,8580720.53,0.070859815,0.0584217753,0.0046400635,2014,201494
96,2417245.31,0.0754739528,0.0640212396,0.00421226,2014,201496
97,7749352.38,0.0844715267,0.0605517001,0.004758989,2014,201497
98,5297462.93,0.0242799367,0.0503397836,0.0312618268,2014,201498
103,1489600.29,0.0251429366,0.0299170757,0.0374766805,2014,2014103
105,1926435.05,0.0413295819,0.0411815947,0.0426723296,2014,2014105
107,603267.26,0.0486022695,0.029970691,0.003440204,2014,2014107
108,2883195.26,0.0560437249,0.0420888829,0.003896329,2014,2014108
116,493200,0.0534324993,0.0437000813,0.0032069493,2014,2014116
118,493935.38,0.0466021515,0.0102386834,0.0037502658,2014,2014118
119,374880,0.0505412311,-0.0095493006,0.0037329167,2014,2014119
120,818004,0.0532889589,0.036604827,0.0033537355,2014,2014120
123,476899.29,0.0501761158,0.0436667798,0.0033047298,2014,2014123
124,380400,0.0553444573,0.0413053614,0.0033216782,2014,2014124
125,776138.93,0.0579973953,0.0457921133,0.0038027177,2014,2014125
126,3050390.8,0.0595789278,0.0395927143,0.0038737526,2014,2014126
128,1935120.64,0.0287252584,0.0311712837,0.0320954188,2014,2014128
131,1869500.54,0.0520155684,0.0376955675,0.0040192046,2014,2014131
132,5116076.04,0.0595586069,0.036713478,0.0035007865,2014,2014132
135,3230641.86,0.0427011207,0.0418329861,0.0084241472,2014,2014135
137,1284283,0.0528224244,0.0425107153,0.0030119459,2014,2014137
138,6294934.67,0.0582436397,0.0394349664,0.0033151506,2014,2014138
139,4142854.08,0.0395495494,0.0345162139,0.031802257,2014,2014139
140,3293420.76,0.0656076396,0.0202351146,0.0060852285,2014,2014140
141,2953099.47,0.034550151,0.0399669099,0.0318355246,2014,2014141
143,1664717.26,0.0535954629,0.044662656,0.0042287918,2014,2014143
144,5953268.3,0.0675976347,0.0346938759,0.0070060228,2014,2014144
147,1174653.62,-0.0129534597,0.0247780468,0.0651012174,2014,2014147
148,1521392.29,0.044274309,0.0323054603,0.0277437865,2014,2014148
151,3118373.8,0.0518782588,0.0383592191,0.0037347932,2014,2014151
152,3852629.24,0.0569102577,0.0441088429,0.0029643373,2014,2014152
153,9938125.12,0.0276390318,0.035788405,0.019976427,2014,2014153
155,5008025.45,-0.0232373272,0.0537538477,0.0762873117,2014,2014155
157,2905563.02,0.027602171,0.0424956431,0.0563719579,2014,2014157
158,12704120.35,0.067022453,0.059566227,0.0118932835,2014,2014158
163,867150,0.1062011289,0.0983272909,0.0055399001,2014,2014163
164,3007045.48,0.1149663947,0.0961328882,0.0051003647,2014,2014164
168,1108211,0.1492953339,0.1274757967,0.0052934383,2014,2014168
169,2048007,0.1395009656,0.1291598051,0.0081201399,2014,2014169
174,173289,0.1700689338,0.1592098925,0.009204263,2014,2014174
175,1111500,0.1859217048,0.1629680435,0.008038954,2014,2014175
176,328500,0.2129152218,0.2055159399,0.0116897707,2014,2014176
182,3000,-0.027220688,0.0923014462,0.087691226,2014,2014182
185,159120,0.0960465967,0.106001577,0.0395701952,2014,2014185
186,209152,0.0293504161,0.1109029852,0.0522447373,2014,2014186
188,387500,0.0444825421,-0.028312525,0.0603075894,2014,2014188
189,483745,-0.0077946544,0.1033585679,0.0616713879,2014,2014189
190,197000,0.1307317837,0.0122679776,0.0571564301,2014,2014190
192,226750,-0.0667708882,0.0343178016,0.0799082565,2014,2014192
193,265000,0.0269824647,0.1248296366,0.0658945296,2014,2014193
200,1475242.79,0.0919387522,0.0972895139,0.0453983996,2014,2014200
201,1037278,0.0404257548,0.063289512,0.0811282275,2014,2014201
203,857616,0.1314686276,0.0564617597,0.0196145025,2014,2014203
205,928230.83,0.0745039993,0.0861576703,0.0417685782,2014,2014205
206,1510265.05,0.1104491664,0.0896666499,0.025874341,2014,2014206
211,1451575,0.1034155498,0.0309677348,0.0290020375,2014,2014211
212,1700200,0.0321471084,0.0664638977,0.0519011505,2014,2014212
214,1790348,0.0816050117,0.0641291991,0.030094063,2014,2014214
215,1809149,0.1293352902,0.075735498,0.0358705827,2014,2014215
217,3504555,-0.0028224064,0.0477626328,0.0616031568,2014,2014217
219,1978405,0.0663956722,0.0881417595,0.0546027053,2014,2014219
220,2731351,0.1246100719,0.0769608932,0.0154895975,2014,2014220
221,2934046.92,0.0244325182,0.0515763318,0.0545496015,2014,2014221
224,3081948.43,0.083125778,0.0334219923,0.0551341537,2014,2014224
225,3442474.48,0.128850604,0.0546540653,0.0349726892,2014,2014225
226,1932550.47,0.1620660818,0.059550404,0.0104730393,2014,2014226
228,336400,0.1721067339,0.0876706085,0.0448582771,2014,2014228
229,446889,0.1064359138,0.1141933439,0.0750236578,2014,2014229
232,734788.15,-0.0329602834,0.09146545,0.0909977123,2014,2014232
235,1133243,0.0428342984,0.0550426885,0.0531241709,2014,2014235
236,1702245.29,-0.0182809771,0.0617836603,0.0697098724,2014,2014236
238,2865059.57,0.0534109687,0.0490692046,0.077197918,2014,2014238
239,4279293.25,0.1089593792,0.0652603343,0.033221928,2014,2014239
242,750170,0.0861380327,0.0817630549,0.0426954806,2014,2014242
243,751600,-0.0026158546,0.0061846496,0.0964574046,2014,2014243
249,886140,0.1459513646,-0.0141097887,0.0383417064,2014,2014249
250,1445952.5,0.0987435545,0.089084335,0.0450123578,2014,2014250
251,2756615.5,0.0659420698,0.0690485558,0.0440782849,2014,2014251
252,2400744.08,0.0370814684,0.0624367617,0.0873933696,2014,2014252
253,5600307.48,0.136740942,0.0615715809,0.0415059385,2014,2014253
256,2226757,-0.0156426253,0.0677709984,0.0609602282,2014,2014256
257,3809288,0.054811291,0.0491909649,0.0607221027,2014,2014257
260,3884831,0.0976943427,0.0735425634,0.0551341783,2014,2014260
262,3194973,-0.0092115062,0.0858778568,0.0768523031,2014,2014262
263,8460792.39,0.056504662,0.0819098356,0.0492302594,2014,2014263
265,5323487.39,0.1339558682,0.0560495254,0.0378916594,2014,2014265
267,4887204,0.0651540863,0.0709598974,0.0380924631,2014,2014267
268,4845359.25,0.1046148615,0.0673280525,0.0284430276,2014,2014268
277,1807060,0.1213605682,0.0639209946,0.0120258238,2014,2014277
280,4481083.3,0.0055135071,0.0671559891,0.0586566502,2014,2014280
281,813634.01,0.0745588745,0.0711448022,0.0554147124,2014,2014281
284,186445.72,0.0326008881,0.0885463428,0.0599415787,2014,2014284
287,4121572.17,0.0736452206,0.0469348644,0.0341186505,2014,2014287
289,1762189,0.1411568309,0.0650751987,0.0346360078,2014,2014289
291,1622110.45,0.0879818302,0.0785461297,0.0586910354,2014,2014291
292,1330839,0.1217203108,0.0646989308,0.0347491549,2014,2014292
293,3046748.53,0.0434855257,0.0788094671,0.0632778789,2014,2014293
295,1260313,0.0772750467,0.0837339068,0.0595872514,2014,2014295
296,3522021.02,0.0169695906,0.0964114117,0.0786722427,2014,2014296
297,3645720.08,0.0110648817,0.0566691653,0.0703616486,2014,2014297
301,2892640,0.0857412875,0.0726441099,0.0430913687,2014,2014301
302,4060516.65,0.1203086761,0.0892771341,0.0309921917,2014,2014302
303,2954167.53,0.1398038791,0.0966600302,0.0107267673,2014,2014303
304,5640193.31,0.060448576,0.0622130398,0.0475695734,2014,2014304
310,1225666.67,0.1527035316,0.0971061468,0.0089089066,2014,2014310
311,3577098.89,0.1148917397,0.0615777221,0.0422124364,2014,2014311
312,2850384,0.0867549779,0.0533010457,0.0462728038,2014,2014312
313,4354461,0.1501604855,0.0674451268,0.0107773642,2014,2014313
314,5199079,0.0774490749,0.0730132233,0.0578299436,2014,2014314
318,4860491.56,0.0240947516,0.0723114322,0.0419265057,2014,2014318
319,6933325.11,0.0932460233,0.0624309925,0.0548145213,2014,2014319
321,7754101.7,0.0749632635,0.0709444997,0.052805478,2014,2014321
323,8197440.47,0.1386616652,0.0913107425,0.0207567382,2014,2014323
324,9464600.66,0.1014908728,0.0654420558,0.0348707628,2014,2014324
325,3161505,0.0125829477,0.0418978319,0.0757820742,2014,2014325
331,2964703,0.1048940487,0.095768936,0.0446060979,2014,2014331
332,3721050.82,0.0415967526,0.0893274581,0.0419155071,2014,2014332
333,7016938.67,0.1064545186,0.0695815993,0.0250736077,2014,2014333
334,3241303,0.0420189073,0.0897275627,0.0746824979,2014,2014334
340,7751680.76,0.0631776271,0.0815814546,0.0500326278,2014,2014340
341,9075184.68,0.1093729076,0.08629743,0.0185656301,2014,2014341
342,7830603.51,0.0217754373,0.058672838,0.0559169655,2014,2014342
343,15812667.93,0.1106395957,0.0690203606,0.0067921474,2014,2014343
345,9261978.92,0.0987332982,0.0743646107,0.0070076896,2014,2014345
346,11358438.62,0.1217147317,0.0752115036,0.0050096777,2014,2014346
351,997583,0.1269631973,0.1026325352,0.0321446351,2014,2014351
352,2437618.63,0.1584861582,0.0776493194,0.0424435382,2014,2014352
357,3123019,0.1499500905,0.1052622002,0.0308067851,2014,2014357
358,2724725,0.0806753068,0.0892230149,0.0469291368,2014,2014358
359,3340075,0.0506446621,0.0945432261,0.0475215876,2014,2014359
361,5873447.03,0.102176443,0.0895310742,0.0499224771,2014,2014361
363,3401877.81,0.1707501202,0.0792217312,0.007644138,2014,2014363
364,4130031.28,0.1401378091,0.0909212323,0.0232768907,2014,2014364
365,9001256.99,0.0799767509,0.084500178,0.0641834985,2014,2014365
366,8154950.5,0.0667856874,0.0708815172,0.0731987397,2014,2014366
368,5089455.01,0.1060552878,0.104677462,0.0481928969,2014,2014368
371,4581603.96,0.1400946641,0.0907667529,0.0378753817,2014,2014371
373,4563872,0.1757722724,0.0775766109,0.023574524,2014,2014373
374,6116141.95,0.1525477165,0.0706214484,0.0119950049,2014,2014374
375,7484748,0.1181710402,0.0947121109,0.0519789723,2014,2014375
377,4849920.43,0.1127482672,0.080353931,0.0388335338,2014,2014377
378,7125788.6,0.0250465622,0.0828093828,0.0635566917,2014,2014378
382,342400,0.0949146559,-0.0093610436,0.0461341262,2014,2014382
383,353327,0.0409908801,0.066552846,0.0791303818,2014,2014383
387,4431522.33,0.1097733102,0.0786952999,0.0270545849,2014,2014387
389,4426119.48,0.1112144335,0.0855347939,0.0118545749,2014,2014389
390,2352567,0.1285997965,0.0619493805,0.005280117,2014,2014390
392,12804389.98,0.0269187088,0.0727809255,0.0561552375,2014,2014392
393,27268331.41,0.0881371054,0.0739204362,0.0415192545,2014,2014393
400,3578106.37,0.1556589363,0.0787282654,0.0194151873,2014,2014400
401,1710293,0.1337599636,0.1089064676,0.0385106333,2014,2014401
402,3250415,0.1052919158,0.0999132582,0.0478051886,2014,2014402
403,3566647.13,0.1650244267,0.0917802531,0.0236472708,2014,2014403
405,1957329,0.0617252416,0.1009438004,0.0727362442,2014,2014405
406,2149879,0.1148856586,0.1195368709,0.0455968433,2014,2014406
408,2968675,0.1468258431,0.0799460317,0.028341168,2014,2014408
412,1519184,0.1312716415,0.1193235328,0.0324131474,2014,2014412
416,5120065.76,0.0571376784,0.1043981795,0.0647894983,2014,2014416
419,1921251,0.1479236052,0.0696062011,0.0150083371,2014,2014419
420,2961314,0.1195850018,0.0962315758,0.0328247533,2014,2014420
422,2974577.4,0.1058824486,0.0782649049,0.0567440702,2014,2014422
423,3459267,0.0657611026,0.1041927852,0.0636856041,2014,2014423
424,6720972,0.0422239792,0.0687880975,0.0649257393,2014,2014424
425,3544736,0.1255309121,0.1112434763,0.0285858377,2014,2014425
426,3146014,0.0497799038,0.1131508579,0.08972279,2014,2014426
427,4843078,0.1337700486,0.0894668688,0.037999485,2014,2014427
430,3230594.99,0.1504109564,0.1209820896,0.0249425968,2014,2014430
431,3626970.56,0.0863627779,0.1052845462,0.057960049,2014,2014431
435,1950250,0.1027426303,0.076701411,0.0434668489,2014,2014435
436,5107689.67,0.1587335206,0.0966465295,0.0345605828,2014,2014436
438,4315063,0.1770609841,0.1065297443,0.0084527464,2014,2014438
439,3052141,0.1525841609,0.0997689515,0.0331741054,2014,2014439
440,4168459.39,0.103766521,0.1203519511,0.0615263652,2014,2014440
443,4350501,0.1038613139,0.0535561656,0.0517420403,2014,2014443
445,9935841.49,0.07084892,0.0647542981,0.0658277688,2014,2014445
446,4633726,0.0072734612,0.0877175112,0.0659894857,2014,2014446
450,1594650,0.1477035709,0.0907445667,0.0484918111,2014,2014450
451,4032655,0.0731493906,0.0893193911,0.0588846298,2014,2014451
452,3543310,0.0480366021,0.0234864696,0.0811195231,2014,2014452
453,4317786,0.1581816907,0.0599941597,0.024147795,2014,2014453
456,3555554,0.0417750321,0.092300893,0.0610447788,2014,2014456
457,7459473.65,0.1141313269,0.095682299,0.0280600535,2014,2014457
458,6017929.16,-0.0346955448,0.0686262346,0.0715755794,2014,2014458
464,368740,0.0692185268,0.085986269,0.0470328359,2014,2014464
466,367205,0.1554056942,0.1350698383,0.0449652054,2014,2014466
467,720450,0.1016055435,0.1299197889,0.0583024398,2014,2014467
469,708289,0.114006011,0.1216465468,0.0460606187,2014,2014469
472,755036,0.2042337405,0.1506249583,0.018690862,2014,2014472
473,798978,0.1571610645,0.1118304319,0.0342756856,2014,2014473
474,1537002,0.1322333787,0.113249428,0.0459652157,2014,2014474
475,492564,0.059900836,0.1463296916,0.0798910664,2014,2014475
480,559052,0.1343415714,0.1341183389,0.0573304431,2014,2014480
482,1071151,0.2166646356,0.1337187655,0.0287081568,2014,2014482
483,974600,0.1799236988,0.1615904628,0.0495684724,2014,2014483
485,1256753,0.170561096,0.1449508544,0.0529655684,2014,2014485
486,567308,0.0883064054,0.0567506617,0.0695229059,2014,2014486
487,1004061,0.1114361043,0.1537886304,0.0622780412,2014,2014487
488,491650,0.2039824434,0.1745009154,0.0258319266,2014,2014488
493,810236,0.1206657661,0.0555820409,0.0550768372,2014,2014493
494,888660,0.0390260467,0.1020031083,0.0752372994,2014,2014494
495,1731391,0.1520925701,0.0874591362,0.050334962,2014,2014495
497,1727750,0.0566494618,0.0827019962,0.0751120303,2014,2014497
498,1113301,-0.0242150861,0.0821232777,0.0841075138,2014,2014498
499,1859788,0.1554633623,0.1297831021,0.0605219757,2014,2014499
504,23000,0.1795645254,0.2241570869,0.0150369047,2014,2014504
518,13000,-0.0522256488,0.2317619958,0.0775965039,2014,2014518
519,13871.61,0.0426683311,0.2305266937,0.0607568421,2014,2014519
522,3750,0.021657569,0.2218855109,0.06684538,2014,2014522
524,17000,0.0506680538,-0.1709791544,0.0599465638,2014,2014524
525,58750,0.1012467777,0.1462326708,0.0537042144,2014,2014525
529,4000,0.0350853738,-0.6376419382,0.0824996448,2014,2014529
530,14000,-0.0364969118,0.2329994158,0.0865165719,2014,2014530
532,8500,0.1010011734,-0.1931923385,0.0649532076,2014,2014532
534,4000,0.0704597844,0.2309305618,0.0671443399,2014,2014534
535,29500,0.0048041475,0.1073135645,0.0709665754,2014,2014535
536,31100,-0.0420702739,0.1713917189,0.0925827365,2014,2014536
538,26000,0.0176981353,0.0790208042,0.0454194146,2014,2014538
540,13000,0.1198439816,-0.050534155,0.0239455623,2014,2014540
542,6000,0.0117869493,0.2455094418,0.078684219,2014,2014542
544,21500,0.120246059,0.0412566031,0.0427024814,2014,2014544
545,45000,0.0331397263,0.1740201576,0.0650113698,2014,2014545
547,28000,0.1292831877,0.233138383,0.0514611802,2014,2014547
548,95000,0.0515242697,0.122005643,0.0668531774,2014,2014548
549,30200,-0.0319812862,0.1150590608,0.0663852319,2014,2014549
555,37000,0.0612532359,0.231716552,0.0736076617,2014,2014555
556,12600,0.1228557032,-0.3820373746,0.0531537777,2014,2014556
557,28850,-0.0375042163,0.2259432965,0.0802371474,2014,2014557
558,15200,0.1172466922,0.222914589,0.03335927,2014,2014558
561,17000,0.1473414966,-0.1677547317,0.0322330761,2014,2014561
563,41000,0.1021379583,0.1350555206,0.0504113856,2014,2014563
564,63000,0.0197788233,0.1720472896,0.0842542669,2014,2014564
566,94700,0.1209381897,0.1296001126,0.0487400656,2014,2014566
567,57700,0.1708098396,0.1733845141,0.0224323742,2014,2014567
569,28250,-0.0271509867,0.2267070759,0.0768025378,2014,2014569
570,36500,0.0720623114,0.1343729235,0.0513213072,2014,2014570
573,4000,-0.0997359386,0.233188066,0.0848815306,2014,2014573
577,4000,0.0340386047,0.2253362472,0.0649965905,2014,2014577
578,4000,-0.0875264236,0.226718066,0.0864368305,2014,2014578
584,15200,0.0893306504,-0.2615365404,0.0678335769,2014,2014584
585,15000,0.0060787646,-0.0163769572,0.065035172,2014,2014585
587,11500,0.0561314389,-0.2489399085,0.0350824448,2014,2014587
589,16500,-0.0967998907,0.2246397116,0.088896345,2014,2014589
590,10000,0.0012838768,0.0502058384,0.0623988867,2014,2014590
592,13000,0.0394823816,0.2312850051,0.0672398285,2014,2014592
593,13000,0.1140331775,0.2379575398,0.0406616693,2014,2014593
595,24400,0.1413283632,0.0706902691,0.0450564287,2014,2014595
596,26500,0.0678154352,0.2288904149,0.0679956324,2014,2014596
597,9000,-0.023454225,-0.0599726425,0.0762872574,2014,2014597
600,13000,-0.1489886562,0.0815084973,0.0853230692,2014,2014600
601,12000,-0.0230220708,0.2361270851,0.0646417511,2014,2014601
604,45500,0.0794081463,0.0056845361,0.0459310628,2014,2014604
606,33500,-0.1429861106,0.2285652091,0.0971824561,2014,2014606
608,89000,0.0682440973,0.1252868176,0.0696704361,2014,2014608
611,47100,-0.0410885069,0.1616356614,0.0774669156,2014,2014611
612,4000,-0.1741814476,0.231876394,0.090327561,2014,2014612
614,11500,-0.0524483328,-0.0353820878,0.0813363551,2014,2014614
615,39600,0.0573360418,0.040376959,0.0905491437,2014,2014615
619,8000,-0.0529531481,0.229216816,0.1180983643,2014,2014619
620,6150,0.0784273971,-0.1754531759,0.0600856359,2014,2014620
621,5500,-0.0813245131,-0.1053148901,0.0874479759,2014,2014621
625,7000,-0.1450009525,-0.1853986276,0.0783447428,2014,2014625
626,8000,0.0178316307,0.2300620033,0.0790745811,2014,2014626
628,26000,-0.2346256327,0.1321637312,0.0880837008,2014,2014628
6,600729,0.0770023614,0.0420413851,0.0050577653,2015,20156
7,678670.86,0.0710403254,0.0577622762,0.0038186559,2015,20157
13,488715.61,0.0526882481,0.0622973109,0.0252579658,2015,201513
14,1233592.83,0.080802236,0.0571714806,0.0049387059,2015,201514
18,563989,0.0615687503,0.0631193946,0.0288647596,2015,201518
19,624120,0.0250681971,0.002748044,0.0695016474,2015,201519
21,606352.01,0.0548152711,0.0399368979,0.044058235,2015,201521
22,1370870.79,0.0746686644,0.0537623721,0.0033944391,2015,201522
23,581670,0.0295759723,0.0641845204,0.0379543734,2015,201523
26,369945,0.051931325,0.0595429686,0.0469255728,2015,201526
27,664455.9,0.073270317,0.03254519,0.0047203991,2015,201527
29,1963712,-0.0079389552,0.0053634476,0.0754144825,2015,201529
30,2292759.69,0.0431248666,0.0554875541,0.0368265894,2015,201530
31,3114314.08,0.0725780986,0.0567535324,0.0078971858,2015,201531
33,913880.19,-0.0055341381,0.0397496553,0.0717858364,2015,201533
34,2124319.73,0.0530658759,0.0515625601,0.0309528964,2015,201534
43,1316224.81,0.0401513536,0.0250669538,0.0266039403,2015,201543
44,1658922,0.0690086314,0.0447156342,0.0109639431,2015,201544
50,1080236,0.075772041,0.0638889523,0.0049079971,2015,201550
51,1478395,0.0683679886,0.0512454893,0.0030696916,2015,201551
52,3451543.91,0.0501675304,0.0440317591,0.0295684638,2015,201552
54,2120898,0.0720409813,0.0551246941,0.0033547989,2015,201554
56,2941452.99,0.0802600876,0.034323006,0.0043701164,2015,201556
57,2871483.02,0.0746482769,0.0550337454,0.0030044379,2015,201557
58,2225951.02,0.0444481038,0.0488041529,0.020413296,2015,201558
62,4784058.18,0.0782989402,0.0550795235,0.0030874218,2015,201562
63,3860603.55,0.0740731564,0.0492810205,0.0033097293,2015,201563
65,2762232.38,0.07902539,0.0557706484,0.0030412437,2015,201565
66,4602675,0.083395249,0.0476888278,0.0035411393,2015,201566
68,1851377.76,0.0492099137,0.0445546444,0.0364830485,2015,201568
70,2641365.53,0.0753420701,0.0547546536,0.0026723313,2015,201570
71,2371161.88,0.0809562807,0.0541619824,0.0027989605,2015,201571
78,1642359.64,0.0822863339,0.0586434589,0.0035988552,2015,201578
79,1361640.9,0.0748232784,0.0622865746,0.0030181178,2015,201579
80,2664962.01,0.0587827537,0.0584787253,0.0384662448,2015,201580
82,2061739.19,0.0481565868,0.0515503269,0.0473785873,2015,201582
83,2012480.54,0.0694881224,0.0634333359,0.0043528761,2015,201583
85,4393536.24,0.0832346619,0.0392478828,0.0029666745,2015,201585
86,7481156.69,0.0756868761,0.0481700923,0.0029406901,2015,201586
88,3967242.41,0.0339276858,0.0518830558,0.0398842719,2015,201588
90,2983918,0.0774235053,0.0511045524,0.0027547032,2015,201590
91,3065179.74,0.0601249967,0.0592003892,0.0155447162,2015,201591
93,4074054.32,0.0241602523,0.0515409731,0.0426975993,2015,201593
95,4123055.75,0.0412009583,0.0543576754,0.0485433167,2015,201595
97,3478694.02,0.0700113411,0.0563468319,0.0126752856,2015,201597
98,3979989.51,0.0815415577,0.0481298403,0.003290068,2015,201598
102,1720548.54,0.0725480593,0.0402348108,0.0117704903,2015,2015102
103,2228663.57,0.0455526321,0.0544417239,0.0331882578,2015,2015103
105,2469408,0.0642659331,0.0389122916,0.0220206999,2015,2015105
107,5251804.01,0.0740792296,0.0483988371,0.0031590845,2015,2015107
109,3483131.01,0.0813993381,0.055626528,0.0032525661,2015,2015109
110,3647659.57,0.0761631171,0.0445147533,0.0025805326,2015,2015110
112,1310132.53,0.0883581113,0.0513220996,0.006226256,2015,2015112
114,4577036.44,0.0755627824,0.049681674,0.0033723798,2015,2015114
115,3099038.32,0.0805001008,0.0326728205,0.002863729,2015,2015115
118,5990863.01,0.0524174831,0.0460661783,0.0372491254,2015,2015118
119,5082312.03,0.0195163996,0.0396204265,0.0697912333,2015,2015119
122,1614273,0.0688504258,0.0533096989,0.0211062393,2015,2015122
123,7229239.01,0.0799067594,0.0394333526,0.003251212,2015,2015123
125,3298853.9,0.0219246059,0.0471928022,0.0412833942,2015,2015125
126,3726018.94,0.0676137826,0.0351851809,0.0080514062,2015,2015126
130,2443505.2,0.0137791051,0.0406259617,0.0361463165,2015,2015130
131,2207666,0.0628988744,0.0539041238,0.007420191,2015,2015131
134,4722301,0.0753094793,0.0510124963,0.0024726158,2015,2015134
136,5325057.73,0.0182763467,0.0536528582,0.039569387,2015,2015136
137,2302855,0.0669975948,0.0558112511,0.007948785,2015,2015137
140,3071351.57,0.0744280659,0.0475515097,0.0030591191,2015,2015140
141,2879590.61,0.0807471978,0.0616281765,0.0036510731,2015,2015141
144,2229376,0.0676301539,0.0631030223,0.0297810454,2015,2015144
145,3641314.73,0.0283417768,0.0567094755,0.0379310182,2015,2015145
148,1702263,0.0520244565,0.0624880747,0.0097416283,2015,2015148
150,5129282,0.0675718017,0.056341092,0.0072147447,2015,2015150
153,2528160,0.0802808032,0.057157008,0.0028267711,2015,2015153
155,2068580,0.0746806362,0.0613721831,0.0023253812,2015,2015155
156,3652826,0.0776676414,0.0596978925,0.0026445145,2015,2015156
157,5234652.35,0.082863559,0.0429731974,0.002278803,2015,2015157
158,2930026.42,0.0520135331,0.0634740432,0.0106546812,2015,2015158
159,2555250,0.0168449158,0.0596772485,0.0440482752,2015,2015159
161,3961459.14,0.0073363993,0.0435750423,0.0563573609,2015,2015161
163,2500624.81,0.0421973084,0.0414600178,0.0450377669,2015,2015163
165,2800267.45,0.0810135896,0.0536632631,0.0028665978,2015,2015165
166,5029152.57,0.0689556511,0.053828127,0.0184323026,2015,2015166
168,2920605,0.0608396794,0.0622730123,0.0125633094,2015,2015168
169,1893102,0.0097177179,0.0582911192,0.0440746112,2015,2015169
173,2284080.7,0.0249949026,0.0262873119,0.0550371664,2015,2015173
178,514738,0.0472215327,0.0127344609,0.0035351246,2015,2015178
179,569930,0.0531884857,0.0272783081,0.0039624335,2015,2015179
180,2134512.89,0.0416794628,0.0366297701,0.0033266141,2015,2015180
181,2362439.94,0.0559847844,0.0334822494,0.0032318507,2015,2015181
182,1928076,0.0354288351,0.0251581627,0.0372149536,2015,2015182
190,409718,0.0479012842,0.0276261368,0.004011165,2015,2015190
192,238563.37,0.0500402422,0.0410050302,0.0033567283,2015,2015192
193,333100,0.0531390861,0.0410147206,0.0033940637,2015,2015193
194,787902,0.0473849464,0.0394247685,0.0027514841,2015,2015194
195,448499,0.052628491,0.0301325147,0.003221149,2015,2015195
197,164264,0.050781979,0.0402345336,0.0033524561,2015,2015197
198,491382.09,0.0552919375,0.0427535772,0.0034373727,2015,2015198
201,2535615.73,0.0159357226,0.0338339139,0.0398708956,2015,2015201
202,1174630,0.0535508292,0.0316292046,0.0028499386,2015,2015202
206,972770.7,0.040300058,0.0417562791,0.0143289132,2015,2015206
207,1266616,0.0509895924,0.0416490471,0.0030076276,2015,2015207
208,1377540.01,0.0203805894,0.0296959878,0.0318976601,2015,2015208
210,1295354.5,0.0583409804,0.0291630029,0.0042893673,2015,2015210
214,2249648.27,0.0522532598,0.0401088079,0.0027902657,2015,2015214
215,2473737.78,0.0489920647,0.040659414,0.0029368991,2015,2015215
217,3666381.92,0.0559749406,0.0330687558,0.0030332864,2015,2015217
218,5249344.13,0.0503561758,0.0421485067,0.0016017405,2015,2015218
220,2659294.99,0.0398058104,0.0354157621,0.0293490294,2015,2015220
221,3077011.44,0.0518615932,0.0261507551,0.0030101501,2015,2015221
225,598676,0.057373847,0.0435447122,0.0031954479,2015,2015225
226,2115487.89,0.051482185,0.0375635941,0.0029474204,2015,2015226
227,2494763.14,0.0634977742,0.0376555098,0.0073228899,2015,2015227
228,3822479.2,0.0465010084,0.0436388187,0.0110989,2015,2015228
230,2447678.91,0.0625017481,0.0441117621,0.0047450736,2015,2015230
231,3434485.34,0.0556789752,0.029129706,0.0038511135,2015,2015231
234,790052,-0.0115896471,0.0282211949,0.0743521299,2015,2015234
235,1391904.15,0.0355168893,0.0365912864,0.0403592553,2015,2015235
238,1115128,0.0315128154,0.0355033082,0.0189195473,2015,2015238
240,4361665.14,0.0414197093,0.0359180597,0.0116930321,2015,2015240
242,2532771,0.0646431185,0.0180543522,0.0072146793,2015,2015242
245,2070423.43,0.0470022854,0.0270026094,0.0025134798,2015,2015245
246,4549720.45,0.0507059547,0.0371226979,0.0024023924,2015,2015246
247,3047406,0.0527996844,0.0187267021,0.0026252153,2015,2015247
249,2610095,0.0096760896,0.0317520701,0.0367304758,2015,2015249
250,3746810.71,0.0497860407,0.0355684501,0.0028875837,2015,2015250
255,178500,0.108140266,0.0882243653,0.0044409998,2015,2015255
256,225100,0.1369714914,0.1204130925,0.0080093716,2015,2015256
257,50250,0.1836324283,0.1697831987,0.0086663926,2015,2015257
262,7000,-0.023682876,0.1232753992,0.0864929791,2015,2015262
265,181351.11,0.1001683638,0.0596678735,0.0409418692,2015,2015265
266,194100,0.040150295,0.0538216326,0.0500311395,2015,2015266
268,326500,0.0503153838,0.0467356816,0.0529169471,2015,2015268
269,522101,-0.0031970998,0.1285765463,0.063451533,2015,2015269
270,212300,0.1387732793,-0.0826611567,0.0614163584,2015,2015270
272,255301,-0.06173002,0.111927419,0.0777657477,2015,2015272
273,241300,0.0496726898,0.0535036066,0.0626082628,2015,2015273
281,430893,0.1377048076,0.112730998,0.0096196478,2015,2015281
283,643876,0.079578654,0.078498837,0.027596614,2015,2015283
285,975380,0.1355191785,0.090691545,0.0097896783,2015,2015285
286,1017656,0.1115664211,0.0738250825,0.008877364,2015,2015286
288,1522343,0.0602199746,0.0515086607,0.0644488093,2015,2015288
289,817784,0.1129495071,0.0778587575,0.0180700911,2015,2015289
292,2085102.94,0.1201704734,0.0338262648,0.0391349367,2015,2015292
294,969463,-0.0022325609,0.0520586952,0.073475887,2015,2015294
296,2583777.65,0.0878197202,0.0699478381,0.0399697767,2015,2015296
297,1864057,0.0298349779,0.0550148813,0.0570866428,2015,2015297
301,2274676.06,0.0477612243,0.0701045282,0.0673265888,2015,2015301
303,1847551,0.0753156034,0.0717003869,0.0565901453,2015,2015303
304,3078496.24,0.1175456355,0.0715671853,0.0292794228,2015,2015304
306,3036563.6,0.13443124,0.0512079783,0.0192119942,2015,2015306
307,2839500,0.1083346041,0.0726438457,0.0412442918,2015,2015307
309,2034512,0.0141480315,0.0766515316,0.0789781637,2015,2015309
310,2049336,0.1097139718,0.0521563719,0.0426549451,2015,2015310
312,1464603,0.0047485435,0.0553464236,0.0771292853,2015,2015312
313,4284990,0.0754332529,0.0460444353,0.039502515,2015,2015313
317,2513632.73,0.0420356932,0.0720075026,0.0602122007,2015,2015317
321,756057,0.121870954,0.0968193372,0.032347991,2015,2015321
322,758649,0.1513324374,0.0751458399,0.0090397671,2015,2015322
323,1653851,0.0959093069,0.0621906606,0.0383710824,2015,2015323
325,2577506.33,0.107008295,0.0863111138,0.0439906996,2015,2015325
326,2109563,0.0517992187,0.0818320704,0.0588908511,2015,2015326
329,1844899.13,0.0838601047,0.0507933656,0.0490866694,2015,2015329
331,1702025.08,0.1142927958,0.0743513074,0.0124092001,2015,2015331
332,3002559.7,0.1367706231,0.059096913,0.0087336973,2015,2015332
333,4076357.51,0.1423811566,0.0733585203,0.0083271453,2015,2015333
334,2756546.74,0.0585236064,0.0939704593,0.0571940804,2015,2015334
337,535774,0.0731382553,0.042586838,0.0754087972,2015,2015337
338,453750,0.137878332,0.1314280206,0.0659165641,2015,2015338
340,149600,0.2029839939,0.121758161,0.0364513315,2015,2015340
341,819259,0.1203585092,0.0733460322,0.0625015583,2015,2015341
344,954050,-0.0306175896,0.0700270268,0.0680241857,2015,2015344
347,1307974,0.0495845551,0.0572746572,0.0654505567,2015,2015347
348,1735785,-0.0358700025,0.0695826747,0.0598679915,2015,2015348
350,1690126,0.1084806412,0.0372561473,0.035754638,2015,2015350
351,4433380.07,0.051089224,0.0325027937,0.0399086467,2015,2015351
354,906640,-0.0174398812,0.0460469074,0.0806172875,2015,2015354
355,810250,0.072970403,0.0852889683,0.0576300446,2015,2015355
358,831196,0.1467070914,0.0468377348,0.0099983867,2015,2015358
359,1431602,0.1010602549,0.0105883648,0.0331719042,2015,2015359
365,1272010,0.0647291613,0.020051521,0.0492555606,2015,2015365
366,1766351.58,0.1241769032,0.0254619061,0.0276039706,2015,2015366
370,4798843,0.1117923636,0.0620328991,0.0628171932,2015,2015370
371,1916330,0.0339992978,0.0302655402,0.0425447014,2015,2015371
373,3137067.32,-0.0223499745,0.0503353461,0.0853909286,2015,2015373
374,2540350,0.0713708551,0.0646063433,0.07121661,2015,2015374
375,3739676,-0.0209052029,0.0551366143,0.084552764,2015,2015375
377,4340389.89,0.049366575,0.0649195009,0.0593416863,2015,2015377
380,2391095.19,0.0570513852,0.0736460331,0.0462913361,2015,2015380
381,4041800,0.1149174913,0.0592220662,0.0395983028,2015,2015381
382,3793700,0.1380800029,0.0444860185,0.0146677093,2015,2015382
383,4943475,0.1142588657,0.0675675935,0.0360970648,2015,2015383
386,4212715,0.1553109231,0.0333159476,0.023643711,2015,2015386
387,6956021,0.1074904487,0.0471384729,0.0290657966,2015,2015387
388,5445795.99,0.0634313383,0.0641016816,0.0541558936,2015,2015388
391,311252.75,0.0377279988,0.0695391952,0.0733426665,2015,2015391
396,1360116,0.0287131567,0.0579978433,0.0613395453,2015,2015396
397,2155826.34,0.0841317503,0.0548381847,0.0336567035,2015,2015397
398,1926246,0.1055586789,0.0486815575,0.0169343217,2015,2015398
404,1163753,0.1082307174,0.0861115498,0.0043920012,2015,2015404
405,2428460.79,0.1151309907,0.0756115905,0.003440803,2015,2015405
407,2168319.86,0.1136227647,0.0571669168,0.0057040233,2015,2015407
409,2013378,0.0899050479,0.0743228189,0.019635392,2015,2015409
411,1899864.13,0.1011122817,0.0819890541,0.0042623535,2015,2015411
412,1460164,0.1126356482,0.0881581967,0.003301485,2015,2015412
414,1617230.83,0.1126873688,0.0556652111,0.0047774971,2015,2015414
415,1175263.38,0.1209055209,0.0874649813,0.0039249401,2015,2015415
416,1864270,0.091041969,0.0860329253,0.0218547912,2015,2015416
419,2284463.94,0.0928799837,0.0696888244,0.0158184743,2015,2015419
420,2251500,0.0611790091,0.070133012,0.0329109004,2015,2015420
423,2629701.79,0.1176872825,0.0600193918,0.0041062315,2015,2015423
424,1408514,0.1098862748,0.0493462048,0.0025840034,2015,2015424
425,2014393.85,0.0849585745,0.0840519015,0.0223558352,2015,2015425
430,4053068.96,0.0432368549,0.0606093346,0.0416838343,2015,2015430
431,2860842.4,0.1012799902,0.0554938346,0.0154948451,2015,2015431
432,2987474,0.0146167847,0.0599191492,0.0597535493,2015,2015432
438,6075504.65,0.0722776172,0.0417832469,0.0384102454,2015,2015438
440,6496276,0.0871486046,0.0567453832,0.0317084834,2015,2015440
444,3346635,0.1162502143,0.0693600286,0.0043109797,2015,2015444
445,2771482,0.112925831,0.0432422842,0.0034323913,2015,2015445
446,5036357,0.1084347144,0.0667559683,0.003069254,2015,2015446
447,5469136.02,0.098754069,0.052996844,0.0074986928,2015,2015447
448,5203697.16,0.0364945971,0.0472249717,0.0416240569,2015,2015448
450,2794636,0.1069533045,0.0522676993,0.0030416171,2015,2015450
451,5245090.9,0.1130389085,0.0593829458,0.0036101986,2015,2015451
452,3998949.52,0.0468001437,0.0445414901,0.0469545709,2015,2015452
454,5975018.11,0.0303552316,0.0550027792,0.0423602148,2015,2015454
455,4896581.56,0.086541328,0.0705917885,0.0253667023,2015,2015455
462,2358244.65,0.1039303389,0.060865338,0.0056574668,2015,2015462
463,2888269,0.1149941152,0.059857188,0.0034246941,2015,2015463
466,4117162.76,0.0811688323,0.051715863,0.0347484219,2015,2015466
468,5542212.55,0.1113618417,0.0811061616,0.0035750487,2015,2015468
469,3975150.78,0.1009066488,0.0673057901,0.0103081505,2015,2015469
470,3871232.22,0.0697905252,0.0833911788,0.0416159715,2015,2015470
473,3098275,0.1074840894,0.0742579731,0.0028982261,2015,2015473
475,3871290,0.115660009,0.0495091813,0.0029006151,2015,2015475
476,3456949,0.1122824766,0.0592435386,0.0028379485,2015,2015476
477,3314110.76,0.0998258284,0.0705744117,0.0104823516,2015,2015477
479,4038750.22,0.0715415528,0.0585475139,0.0411428454,2015,2015479
480,4320779.83,0.1001698315,0.080681952,0.0182438175,2015,2015480
483,5082429.46,0.0839160444,0.0463646411,0.0309718167,2015,2015483
484,3677977.72,0.0342236923,0.0534354305,0.0549203843,2015,2015484
486,8844902.38,0.0668345188,0.0380776433,0.035157654,2015,2015486
488,7842811.79,0.1127301692,0.0225593474,0.0029211374,2015,2015488
493,6455860.64,0.0835403121,0.0397266808,0.030624629,2015,2015493
494,5616486.45,0.0274583081,0.0697638485,0.0537181273,2015,2015494
495,7214785.55,0.0974441876,0.0711781253,0.0155845568,2015,2015495
496,14433196.53,0.1042089512,0.0673193243,0.0225771121,2015,2015496
498,6418717.98,0.0760593801,0.0447328184,0.0359935126,2015,2015498
502,6994245.58,0.107275848,0.072748263,0.0022477909,2015,2015502
503,8503790,0.1142594823,0.0620466603,0.0033736629,2015,2015503
504,4947522.46,0.1017915623,0.0785990314,0.0145053103,2015,2015504
505,7239480.69,0.0904340168,0.0616116785,0.0229402041,2015,2015505
506,4688244.54,0.0463558831,0.0692574002,0.0342639649,2015,2015506
513,499080,0.1495513321,0.061617519,0.0050322684,2015,2015513
514,1003502,0.1439958692,0.1216688852,0.0050344248,2015,2015514
516,244701,0.154164129,0.1496669298,0.0161075408,2015,2015516
518,64000,0.1914911085,0.1699258588,0.0094609705,2015,2015518
520,127100,0.1626551063,0.1576482429,0.0077938417,2015,2015520
521,201500,0.183460608,0.1639790789,0.0076505366,2015,2015521
522,91400,0.2163929234,0.1977638013,0.0121299429,2015,2015522
529,2274402,0.0619240436,0.0698474047,0.0601867338,2015,2015529
532,1462019,0.130234427,0.0735147893,0.0220860647,2015,2015532
533,2492775.36,0.0749302913,0.0781671795,0.0546702268,2015,2015533
534,1504718,0.1443821523,0.1135724905,0.0095755058,2015,2015534
537,1089731.22,0.0025868361,0.0615078655,0.0660812081,2015,2015537
538,4014961,0.0772047588,0.08213384,0.0465534286,2015,2015538
541,1789900.39,0.118892728,0.0572622748,0.0474372366,2015,2015541
542,4288604.99,0.0543112797,0.0959368433,0.0567942312,2015,2015542
543,2538500,0.132099469,0.0476030365,0.01204954,2015,2015543
545,2160852.72,0.1023358959,0.105979257,0.0351535868,2015,2015545
546,3112196.8,0.1645065352,0.0677466053,0.0093840073,2015,2015546
550,704169.29,0.1077743268,0.0857077916,0.0676192981,2015,2015550
551,489926,0.0159940163,0.0942115318,0.0631304755,2015,2015551
552,854123,0.1039573631,0.0907270883,0.02997854,2015,2015552
561,3537451,0.1111968619,0.1029743053,0.0446036147,2015,2015561
564,1354054.5,0.142050974,0.0946828914,0.0235436364,2015,2015564
565,2458491,0.1659505954,0.0971091182,0.0060669549,2015,2015565
566,2050627,0.1315129119,0.0744155569,0.0227136617,2015,2015566
568,465352,0.14782476,0.0973861052,0.0642349727,2015,2015568
570,969090,0.0656741508,0.0648494683,0.0531096027,2015,2015570
572,2099465,0.1376854894,0.0661289246,0.0213942844,2015,2015572
574,1920990.57,0.0691709417,0.103699247,0.0642550004,2015,2015574
575,1597281.5,0.1298598387,0.0827467558,0.0207051008,2015,2015575
577,2798561,0.144569549,0.0572730232,0.0042797484,2015,2015577
578,917188,0.1711260553,0.0987091431,0.0120365411,2015,2015578
582,1049615,0.1077058546,0.0968784568,0.0472400191,2015,2015582
583,1224417.82,0.0177972931,0.103450195,0.0929163665,2015,2015583
584,1140872,0.1268023447,0.0773691489,0.0462777639,2015,2015584
586,944910,0.1016937879,0.0751995886,0.0364181979,2015,2015586
587,941333,0.1572828826,0.0781655724,0.0066950503,2015,2015587
588,2374418,0.0572061011,0.1090687316,0.0677684487,2015,2015588
589,3584160,0.0399737688,0.0799732147,0.0735198323,2015,2015589
595,4295933.5,0.144362018,0.0889557366,0.0053597619,2015,2015595
596,2136132.03,0.1246430212,0.0784959825,0.0200963873,2015,2015596
599,2328771,0.1274496498,0.0723524775,0.028301636,2015,2015599
600,3657945.28,0.0839718281,0.0627412933,0.0529700162,2015,2015600
601,1649560,0.1338353155,0.0863466383,0.0147697208,2015,2015601
604,910702,0.0919602109,0.136236692,0.0534243595,2015,2015604
606,897750,0.1226350691,0.1152568591,0.0594579994,2015,2015606
607,1218743,0.1618314953,0.1339377547,0.0215973394,2015,2015607
608,2247669,0.1636442042,0.0778030389,0.020568515,2015,2015608
610,3097133.73,0.1428882327,0.0641726821,0.0365521623,2015,2015610
611,2948627.62,0.1754152195,0.0755491925,0.0072980768,2015,2015611
614,3283380.2,0.1219955971,0.0793662138,0.034130663,2015,2015614
615,2097605,0.0568981303,0.0906172221,0.0658141106,2015,2015615
622,1723972,0.0786684338,0.1167784505,0.0587396696,2015,2015622
624,3071659,0.1202378973,0.0979930687,0.0470507587,2015,2015624
625,2503374,0.1470170393,0.0625841725,0.0189862047,2015,2015625
627,1915590,0.0956541961,0.0780711565,0.0482084064,2015,2015627
628,1534879,0.0550319872,0.1157119202,0.0637131259,2015,2015628
631,1751558,0.1409247587,0.0897097127,0.0150609845,2015,2015631
632,3789102.67,0.0983811493,0.088115244,0.0411316824,2015,2015632
633,1761374.5,0.160117463,0.1045487354,0.0346297253,2015,2015633
634,3486238.26,0.0706426516,0.0726559457,0.0419436254,2015,2015634
638,608200,0.1244973714,0.1151509226,0.0454756215,2015,2015638
639,786394,0.1685710341,0.1238565159,0.0072974982,2015,2015639
642,1178700,0.0936757872,0.1045276207,0.0354007382,2015,2015642
644,1212000,0.1147035364,0.0811233085,0.0450300608,2015,2015644
645,1153243,0.1595714826,0.0357351679,0.0148768862,2015,2015645
646,1776225,0.0746524297,0.1009136745,0.0597372769,2015,2015646
648,2657528,0.1314759504,0.0925248854,0.0342776282,2015,2015648
650,2488817,0.1658973339,0.063146841,0.0056661002,2015,2015650
651,1815983.93,0.1437170762,0.085548943,0.0210555461,2015,2015651
654,6123963.03,0.1467577707,0.0832274201,0.0059537934,2015,2015654
655,2131916,0.1710529441,0.0802827638,0.0384102444,2015,2015655
657,1351603,0.0844950997,0.0848722828,0.047737401,2015,2015657
658,2530334,0.1447498516,0.0976778127,0.0351047117,2015,2015658
663,1816542,0.0505232503,0.0392244689,0.0593889041,2015,2015663
665,1561852,0.0675820257,0.0903764661,0.0476234173,2015,2015665
669,1770879,0.0511069253,0.0645732865,0.0776908189,2015,2015669
670,1992392,0.1115819534,0.100736687,0.0358922738,2015,2015670
672,913000,0.1069727347,0.0804506384,0.0485076592,2015,2015672
673,1359555,0.1488454642,0.0857767754,0.0062651011,2015,2015673
675,632301,0.1134059014,0.0731485847,0.0484568078,2015,2015675
677,613677,0.1355206154,0.0652258782,0.039189182,2015,2015677
678,553982,0.1770457347,0.0437785396,0.0085682928,2015,2015678
680,4979294.61,0.1057600287,0.0536802388,0.0384192416,2015,2015680
682,2177600,0.0833680581,0.053574579,0.0237320842,2015,2015682
683,2274952,0.0237980076,0.0747235139,0.057138012,2015,2015683
684,2664261,0.0554640661,0.0874591677,0.064684441,2015,2015684
689,1998502,0.1570889034,0.1075606385,0.0057405751,2015,2015689
690,1768135,0.1111697853,0.111187566,0.0340196644,2015,2015690
692,2386965,0.0852638642,0.0971388577,0.0503449285,2015,2015692
693,1927551,0.1274473748,0.0867994937,0.0314635748,2015,2015693
695,2449334,0.0478832722,0.0116921627,0.0514836715,2015,2015695
696,3136584.46,0.1310597213,0.0784848266,0.0359187358,2015,2015696
699,3513537.82,0.0864879588,0.0888046496,0.0379334598,2015,2015699
703,2926681.5,0.1548799369,0.0938828802,0.0071964973,2015,2015703
704,2180389,0.1425526956,0.0919172243,0.0243360217,2015,2015704
705,3266254,0.119717796,0.0847061259,0.040876474,2015,2015705
706,2309250,0.1025392538,0.117678105,0.0346684539,2015,2015706
708,3984783.56,0.1383053977,0.077318455,0.0341086453,2015,2015708
709,1681801,0.1704324774,0.1096312282,0.0269531398,2015,2015709
712,192300,0.1768918789,0.0567680756,0.0363475032,2015,2015712
714,762368,0.0610805993,0.1409390104,0.0698852429,2015,2015714
716,1475450,0.0833424015,0.0988600179,0.0620471251,2015,2015716
719,1221552.09,0.1882056528,0.1337320884,0.026236253,2015,2015719
722,817141,0.1192276131,0.1112786836,0.0430203334,2015,2015722
723,1213950,0.1809480953,0.079490497,0.0343352727,2015,2015723
724,604401,0.0972327897,0.1287641135,0.0478803253,2015,2015724
725,384703,0.1002052025,0.1389544889,0.0546166123,2015,2015725
728,184951,0.117926629,0.1650421158,0.0613571986,2015,2015728
732,898508,0.1786379906,0.1297700596,0.0513330378,2015,2015732
733,1051800,0.1045862835,0.0591910928,0.0641956553,2015,2015733
735,1136291,0.1498796318,0.0867350031,0.0566256773,2015,2015735
736,1297424,0.2076857496,0.1152023359,0.0219132812,2015,2015736
738,1100415,0.1671824687,0.1556931581,0.0482855167,2015,2015738
739,1016950,0.2127668819,0.0884609137,0.028511932,2015,2015739
740,979864,0.1002204243,0.1240497626,0.0591395431,2015,2015740
745,2474814,0.0721053689,0.0550991022,0.0607484897,2015,2015745
748,1207400,0.1726828815,0.0275061242,0.0110992037,2015,2015748
749,2202950,0.111550288,0.0781138904,0.0431849487,2015,2015749
753,889071,0.1500824115,0.0699987595,0.0135794387,2015,2015753
755,1049768,0.0732609115,0.0853852449,0.0348542722,2015,2015755
756,1265339,0.1307173204,0.1028167339,0.0361176554,2015,2015756
757,1212971,0.1570767019,0.0949390172,0.0153240502,2015,2015757
760,933181,0.1617168585,0.0172652277,0.0123335141,2015,2015760
761,1958751,0.1082612988,0.0526755657,0.0564876632,2015,2015761
763,1212300,0.0195460311,0.0892274288,0.0722794729,2015,2015763
766,1737046,0.1463899979,0.0945086059,0.0185268544,2015,2015766
768,2041302,0.0617650444,0.1015670661,0.0532615725,2015,2015768
771,2736355.17,0.1179042914,0.098884947,0.0452295248,2015,2015771
772,3040832,0.0527234414,0.0849423796,0.0699035923,2015,2015772
774,1830825,0.163869592,0.1002440262,0.015527402,2015,2015774
776,2005627,0.0825211517,0.0790224377,0.0544014113,2015,2015776
777,2203000,0.1451715571,0.0810892558,0.0340598669,2015,2015777
778,2082100,0.0493147614,0.0659524122,0.0721003033,2015,2015778
780,1845001,0.0117446981,0.0665677366,0.0682048904,2015,2015780
781,4099253,0.1121923843,0.0793262107,0.0445506147,2015,2015781
786,3291049,0.1259903594,0.0789413154,0.0270692304,2015,2015786
787,2163890,0.1557584797,0.0991507749,0.0065365297,2015,2015787
788,2399300,0.1169225659,0.0981455468,0.0363989614,2015,2015788
791,2043900,0.0590980839,0.0487438092,0.0542139193,2015,2015791
792,2768951,0.1146728323,0.0883183805,0.0316669302,2015,2015792
793,1919293,0.1397942086,0.1029116466,0.0254417261,2015,2015793
794,615700,0.1887315585,0.1583241596,0.0283279937,2015,2015794
803,3938256.4,0.0763006196,0.066316862,0.0417582054,2015,2015803
804,4193817.58,0.0464841828,0.0653145667,0.0768736136,2015,2015804
806,5698092.01,0.161083383,0.065802087,0.0285423718,2015,2015806
807,6984614,0.1092510387,0.0773239983,0.0393672222,2015,2015807
809,3321515,-0.0172490472,0.0573238529,0.0703515818,2015,2015809
810,6017428.11,0.0766263395,0.0516257866,0.0532489206,2015,2015810
811,6525641.32,-0.0034359491,0.0718101414,0.0624937327,2015,2015811
813,4277157.39,0.1590843193,0.0367156758,0.0066126035,2015,2015813
814,6718406.32,0.1032383213,0.0411084574,0.0460940772,2015,2015814
818,5702845.89,0.0281952011,0.0784099158,0.0658712334,2015,2015818
819,5571634.75,0.1117913325,0.0373644125,0.020550932,2015,2015819
822,5564224.8,0.1109435956,0.0517204575,0.0416160545,2015,2015822
823,5849368.43,0.0483137259,0.0646217018,0.0676684047,2015,2015823
825,4610692,0.1134280986,0.0501806297,0.0494646553,2015,2015825
826,4977343,0.1390158915,0.0628861561,0.009243697,2015,2015826
830,1816766,0.1289604274,0.0397782983,0.0383451499,2015,2015830
831,3385804,0.0670431706,0.1009741098,0.0641079164,2015,2015831
833,2379403,0.1024733245,0.103509176,0.0677535982,2015,2015833
834,2531434.19,0.1635553404,0.1057936776,0.042543909,2015,2015834
838,2756725,0.1627075056,0.0555855346,0.0178777643,2015,2015838
839,3164500,0.1223548412,0.0390239673,0.0341342026,2015,2015839
840,1143048,0.187566353,0.1231937401,0.0348773061,2015,2015840
842,3535546.11,0.0848163919,0.0637121198,0.065191976,2015,2015842
843,1520899,0.136450008,0.0764124358,0.0519004333,2015,2015843
844,2572589.61,0.0108822195,0.0666936829,0.0715316252,2015,2015844
848,752800,0.140004856,0.024495937,0.0508233503,2015,2015848
850,1532956,0.0403530262,0.084316739,0.0712275919,2015,2015850
851,2664254,0.1150367496,0.0641658092,0.0463382806,2015,2015851
855,4143298.04,0.0081208688,0.0446572954,0.0753100407,2015,2015855
856,6640674,0.0851569295,0.04572566,0.055802221,2015,2015856
857,3067092,-0.0571150259,0.05193189,0.0857880224,2015,2015857
860,3030593,0.1587176369,0.0678325273,0.0153124992,2015,2015860
861,1815303,0.0538261334,0.0660765167,0.047019109,2015,2015861
862,5811803,0.0371036948,0.0478709235,0.0592763686,2015,2015862
864,2208650,0.0049080802,0.0781943531,0.0643347938,2015,2015864
867,2295700,0.0627718484,0.0332987554,0.0635599144,2015,2015867
869,6345567,0.1357636872,0.0516143853,0.0524754687,2015,2015869
870,2599766,0.0770527418,0.0408424086,0.0587798351,2015,2015870
871,3750427,0.1554358626,0.0272333923,0.0284061102,2015,2015871
877,8000,0.1880458872,0.226663596,0.0164896537,2015,2015877
878,445167,0.108927571,0.1018797372,0.0435586925,2015,2015878
883,10300,-0.127844444,0.2306981829,0.0972709275,2015,2015883
884,16000,-0.0622526263,0.2329706666,0.0929810419,2015,2015884
885,4000,0.0223900443,0.2262687472,0.0448305823,2015,2015885
895,11000,0.0741371052,0.2283807954,0.0651577962,2015,2015895
897,18400,-0.0516514066,-0.0882466126,0.0767967945,2015,2015897
898,23301,0.0652736737,-0.2664858208,0.055184548,2015,2015898
899,36000,-0.0675716277,0.1748686043,0.0991643406,2015,2015899
902,57500,0.0584604328,0.1985707484,0.0439541733,2015,2015902
903,96000,0.1234517258,0.1603094711,0.0476664372,2015,2015903
908,70586,0.0730668832,0.123401725,0.0320536756,2015,2015908
909,72750,0.0331596111,0.0451973186,0.0721695442,2015,2015909
910,114400,0.1167162244,0.0129871583,0.0365014532,2015,2015910
912,170551,-0.0331729389,0.0854102041,0.0910604177,2015,2015912
913,108450,0.0653345068,0.1117446238,0.0725714795,2015,2015913
914,55000,-0.0307310743,-0.1365313357,0.0862366451,2015,2015914
915,48401,-0.035519542,0.0796642945,0.0824995671,2015,2015915
917,51600,0.0535494168,0.0897607097,0.0737191144,2015,2015917
918,80850,0.1077772037,0.1723480533,0.0481291741,2015,2015918
920,48500,0.112307565,0.1548886325,0.0467002352,2015,2015920
922,133400,0.030216904,-0.0006013606,0.0666346736,2015,2015922
924,194950,0.1064763748,0.1303655428,0.0331422598,2015,2015924
926,151125,0.0321045702,0.1044700747,0.0689901821,2015,2015926
927,89500,0.0890149412,0.1259999004,0.0656494832,2015,2015927
934,200601,0.1129411943,0.1208676515,0.058013615,2015,2015934
936,135901,-0.0060585204,0.1781589419,0.0728836439,2015,2015936
937,96515,0.099366838,0.031056198,0.0785594309,2015,2015937
938,88402,0.0082174747,0.168634761,0.0635087612,2015,2015938
940,185632,0.0848277152,0.1040523905,0.076541656,2015,2015940
941,131050,0.1445265423,0.1340454744,0.0362890763,2015,2015941
942,37500,0.1349727696,0.0346408993,0.0929813668,2015,2015942
944,108450,0.0827195311,0.1013337027,0.0658936734,2015,2015944
945,120000,0.1646399975,0.1505632988,0.0328562449,2015,2015945
946,57500,0.0030086268,0.0860915279,0.0650509048,2015,2015946
950,78401,-0.0599891676,0.0907334801,0.0794982331,2015,2015950
951,80301,0.0143309515,0.1866940294,0.0570417984,2015,2015951
954,40000,0.0391936086,0.2326991876,0.0649728144,2015,2015954
955,50901,0.1086062493,0.2363545407,0.0706025231,2015,2015955
957,33500,-0.0561884562,0.138336842,0.0788035105,2015,2015957
962,111200,0.1168596827,0.129321464,0.0524980498,2015,2015962
963,169503,0.0405868777,0.1707217,0.0554012892,2015,2015963
964,130401,-0.0065020492,0.1114418439,0.0831883629,2015,2015964
965,56401,-0.0310409762,-0.0976174162,0.0653145354,2015,2015965
967,151300,0.125336989,0.212490442,0.0442076187,2015,2015967
968,157700,0.0323187609,-0.0085405124,0.0865620446,2015,2015968
970,62200,-0.0773449028,0.1077037747,0.0877876117,2015,2015970
971,54000,0.0239927277,0.1631504905,0.0837060192,2015,2015971
978,30900,0.0085541348,0.2337353432,0.0868158078,2015,2015978
979,53100,-0.0917893864,0.0824163542,0.0777655317,2015,2015979
980,33000,0.0621636914,0.1144571852,0.0783517204,2015,2015980
983,30000,0.066654139,-0.0109925915,0.0589763521,2015,2015983
984,74901,0.1272364823,0.183238104,0.0377364506,2015,2015984
985,16901,-0.0137533646,0.2352884962,0.0630669711,2015,2015985
989,47401,0.0412757299,0.0722611048,0.0832073268,2015,2015989
991,15500,-0.144805028,0.2345902028,0.0767889361,2015,2015991
992,5000,0.005513699,-0.6907085552,0.0852964952,2015,2015992
994,82500,-0.0144369385,0.109564492,0.0936071013,2015,2015994
996,30000,-0.2154055804,0.0223575282,0.0958459497,2015,2015996
997,15000,-0.0847547707,0.2283077287,0.0897974519,2015,2015997
